"source","qmd","url","title","subtitle","date","excerpt","image","publication_state","permalink","category","tags","archived_rmd","hidden_chunks"
"archive/generated-markdown/2010-09-29-battle-lines-drawn.md","2010/09/29/battle-lines-drawn/index.qmd","/2010/09/29/battle-lines-drawn/","Battle lines drawn","","","","","publish;TRUE","/2010/09/29/battle-lines-drawn/","science","Politics|Funding|Science",FALSE,0
"archive/generated-markdown/2010-12-03-why-i-love-open-source.md","2010/12/03/why-i-love-open-source/index.qmd","/2010/12/03/why-i-love-open-source/","Why I love open source!","","","Today I had a great reminder of why I love open source software and why I spend a bit of my time contributing [R](http://www.r-project.org 'R Project Website') code to several packages.","","publish;TRUE","/2010/12/03/why-i-love-open-source/","R","R|vegan",FALSE,0
"archive/generated-markdown/2011-01-21-embedding-a-time-series-with-time-delay-in-r.md","2011/01/21/embedding-a-time-series-with-time-delay-in-r/index.qmd","/2011/01/21/embedding-a-time-series-with-time-delay-in-r/","Embedding a time series with time delay in R","","","I've recently been looking at [Martin Trauth](http://www.geo.uni-potsdam.de/member-details/show/108.html 'Martin Trauth's web page at The University of Potsdam Institute of Earth and Environmental Science')&apos;s book [MATLAB® Recipes for Earth Sciences](http://www.springer.com/earth+sciences+and+geography/computer+&+mathematical+applications/book/978-3-642-12761-8 'Matlab book page at Springer') to try to understand what some of my palaeoceanography colleagues are doing with their data analyses (lots of frequency domain time series techniques and a preponderance of filters). Whilst browsing, the [recurrence plot](http://en.wikipedia.org/wiki/Recurrence_plot 'Recurrence plots entry in Wikipedia') section caught my eye as something to look into further, both for palaeo-based work but also for work on ecological thresholds and tipping points.","","publish;TRUE","/2011/01/21/embedding-a-time-series-with-time-delay-in-r/","R","Embed|Time series",FALSE,0
"archive/generated-markdown/2011-04-01-vegan_1-17-9_released.md","2011/04/01/vegan_1-17-9_released/index.qmd","/2011/04/01/vegan_1-17-9_released/","New version of vegan released to CRAN (1.17-9)","","","Yesterday Jari packaged up the latest release in the current stable branch of the [vegan](http://vegan.r-forge.r-project.org/) package. Version 1.17-9 of vegan is now on [CRAN](http://cran.r-project.org/web/packages/vegan/index.html) as a source tarball with binaries for MS Windows and MacOS X to follow soon.","","publish;TRUE","/2011/04/01/vegan_1-17-9_released/","R","R|vegan",FALSE,0
"archive/generated-markdown/2011-06-01-minor-update-to-vegan-1-17-10.md","2011/06/01/minor-update-to-vegan-1-17-10/index.qmd","/2011/06/01/minor-update-to-vegan-1-17-10/","Minor update to Vegan (1.17-10)","","","I overlooked blogging about this at the time, but Jari released a minor update to our Vegan package to fix a few issues following release of R 2.13-0. As far as the user is concerned, this mainly affects `capscale()`. `metaMDSrotate()`, a helper function for rotating nMDS solutions from function `metaMDS()` can now handle missing values via argument `na.rm = TRUE`. The relevant section of the `NEWS` file is reproduced below.","","publish;TRUE","/2011/06/01/minor-update-to-vegan-1-17-10/","R","R|vegan",FALSE,0
"archive/generated-markdown/2011-06-01-new-version-of-analogue-0-7-0.md","2011/06/01/new-version-of-analogue-0-7-0/index.qmd","/2011/06/01/new-version-of-analogue-0-7-0/","New version of analogue (0.7-0)","","","Last week I pushed an update of my [analogue](http://analogue.r-forge.r-project.org/ 'analogue website') package to [CRAN](http://cran.at.r-project.org/web/packages/analogue/index.html 'analogue page on CRAN'). The last release (0.6-23) was on CRAN sometime in Mar 2010 so an update was well overdue.","","publish;TRUE","/2011/06/01/new-version-of-analogue-0-7-0/","R","analogue|R",FALSE,0
"archive/generated-markdown/2011-06-08-stratigraphic-diagrams-using-analogue.md","2011/06/08/stratigraphic-diagrams-using-analogue/index.qmd","/2011/06/08/stratigraphic-diagrams-using-analogue/","Stratigraphic diagrams using analogue","","","One of the routine tasks palaeoecologists do is plot data on species composition or geochemical proxies say along a sediment core or stratigraphic sequence. These diagrams are the canonical way of displaying stratigraphic data in this field. An example of a stratigraphic diagram is shown below.","","publish;TRUE","/2011/06/08/stratigraphic-diagrams-using-analogue/","R","analogue|R",FALSE,0
"archive/generated-markdown/2011-06-10-what-is-ordisurf-doing.md","2011/06/10/what-is-ordisurf-doing/index.qmd","/2011/06/10/what-is-ordisurf-doing/","What is ordisurf() doing...?","","","I'm writing this post for two reasons: i) someone searched on Google for the term 'what is ordisurf doing' and ended up on my blog, and ii) because I have been on the receiving end of reviewers comments on a paper I co-authored where they didn't know what `ordisurf()` was doing either! It is hardly surprising that people who don't know R or haven't studied the code or the examples in the **vegan** documentation do not realise what `ordisurf()` is trying to do as there isn't a paper in the scientific literature explaining the method. Whilst a solution to that part of the problem will have to wait until Jari, Dave Roberts and I get our acts together and write one, this post might be useful in the interim.","","publish;TRUE","/2011/06/10/what-is-ordisurf-doing/","R","R|vegan|ordination",FALSE,0
"archive/generated-markdown/2011-06-11-global-warming-since-1995-now-significant.md","2011/06/11/global-warming-since-1995-now-significant/index.qmd","/2011/06/11/global-warming-since-1995-now-significant/","Global warming since 1995 'now significant'","","","","","publish;TRUE","/2011/06/11/global-warming-since-1995-now-significant/","","Climate Change|R|Science|Time series",FALSE,0
"archive/generated-markdown/2011-06-12-additive-modelling-and-the-hadcrut3v-global-mean-temperature-series.md","2011/06/12/additive-modelling-and-the-hadcrut3v-global-mean-temperature-series/index.qmd","/2011/06/12/additive-modelling-and-the-hadcrut3v-global-mean-temperature-series/","Additive modelling and the HadCRUT3v global mean temperature series","","","","","publish;TRUE","/2011/06/12/additive-modelling-and-the-hadcrut3v-global-mean-temperature-series/","R","Climate Change|Science|Time series",FALSE,0
"archive/generated-markdown/2011-06-14-embedding-a-time-series-with-time-delay-in-r-part-ii.md","2011/06/14/embedding-a-time-series-with-time-delay-in-r-part-ii/index.qmd","/2011/06/14/embedding-a-time-series-with-time-delay-in-r-part-ii/","Embedding a time series with time delay in R &mdash; Part II","","","","","publish;TRUE","/2011/06/14/embedding-a-time-series-with-time-delay-in-r-part-ii/","R","Embed|Time delay|Time series",FALSE,0
"archive/generated-markdown/2011-06-14-no-lake-is-an-island-phd-opportunity.md","2011/06/14/no-lake-is-an-island-phd-opportunity/index.qmd","/2011/06/14/no-lake-is-an-island-phd-opportunity/","No lake is an island: PhD Opportunity","","","[NERC](http://www.nerc.ac.uk 'NERC Website') recently funded the formation of the UK Lake Ecological Observatory Network (UKLEON) as part of the its [Networks of Sensors](http://www.nerc.ac.uk/research/programmes/nos/ 'NERC Networks of Sensors home page') programme. UKLEON is led by [Ian Jones](http://www.ceh.ac.uk/staffwebpages/IanJones.html 'Ian Jones&#8217; staff page') at [CEH](http://www.ceh.ac.uk 'CEH Website') [Lancaster](http://www.ceh.ac.uk/sites/lancaster.html 'CEH Lancaster'). A fully-funded PhD project is associated with the UKLEON project, with the aim of investigating high resolution coherence in lake dynamics.","","publish;TRUE","/2011/06/14/no-lake-is-an-island-phd-opportunity/","science","environmetrics|limnology|R|UKLEON",FALSE,0
"archive/generated-markdown/2011-07-21-smoothing-temporally-correlated-data.md","2011/07/21/smoothing-temporally-correlated-data/index.qmd","/2011/07/21/smoothing-temporally-correlated-data/","Smoothing temporally correlated data","","","Something I have been doing a lot of work with recently are time series data, to which I have been fitting additive models to describe trends and other features of the data. When modelling temporally dependent data, we often need to adjust our fitted models to account for the lack of independence in the model residuals. When smoothing such data, however, there is an additional problem that needs to be addressed when we are determining the complexity of the fitted smooths as part of the model fit.","","publish;TRUE","/2011/07/21/smoothing-temporally-correlated-data/","R","R|Time series|Smoothing|Additive models",FALSE,0
"archive/generated-markdown/2011-07-23-passing-non-graphical-parameters-to-graphical-functions-using.md","2011/07/23/passing-non-graphical-parameters-to-graphical-functions-using/index.qmd","/2011/07/23/passing-non-graphical-parameters-to-graphical-functions-using/","Passing non-graphical parameters to graphical functions using ...","","","Argument passing via `...` is a great feature of the R language, allowing you to write wrappers around existing functions that do not need to list all the arguments of the wrapped function. `...` is used extensively in S3 methods and in passing graphical parameters on to graphical functions. When writing you own plot methods, using `...` allows the user of your function to pass arguments like `cex`, `col`, `lty`, etc. on to the plotting function inside your method. You do, however, need to be careful in where you use `...` and which functions you pass `...` on to.","","publish;TRUE","/2011/07/23/passing-non-graphical-parameters-to-graphical-functions-using/","R","R|Programming|Functions",FALSE,0
"archive/generated-markdown/2011-10-04-permute-a-package-for-generating-restricted-permutations.md","2011/10/04/permute-a-package-for-generating-restricted-permutations/index.qmd","/2011/10/04/permute-a-package-for-generating-restricted-permutations/","permute: a package for generating restricted permutations","","","Multivariate ordination methods are commonly used in ecology to investigate patterns in species composition in space or time. Constrained ordination methods such as redundancy analysis (RDA) and canonical correspondence analysis (CCA) are effectively just multiple regressions, but we lack the parametric theory to adequately test the statistical significance of terms in the model. Other techniques likewise lack the appropriate theory, such as the Mantel test, vector fitting into ordination space, among many others.","","publish;TRUE","/2011/10/04/permute-a-package-for-generating-restricted-permutations/","R","Ecology|Environmetrics|Ordination|Permutation tests|permute|R|vegan",FALSE,0
"archive/generated-markdown/2011-10-18-generating-restricted-permutations-with-permute.md","2011/10/18/generating-restricted-permutations-with-permute/index.qmd","/2011/10/18/generating-restricted-permutations-with-permute/","Generating restricted permutations with permute","","","","","publish;TRUE","/2011/10/18/generating-restricted-permutations-with-permute/","R","Permutation tests|permute|R|randomisation|Restricted permutations|Spatial grids|Time series",FALSE,0
"archive/generated-markdown/2011-12-05-agu-fall-meeting-2011-day-0.md","2011/12/05/agu-fall-meeting-2011-day-0/index.qmd","/2011/12/05/agu-fall-meeting-2011-day-0/","AGU Fall Meeting 2011 Day 0","","","This is my first trip to the AGU Fall Meeting. As I write this I am on Level 2 of the [Moscone Center](http://www.moscone.com/ 'Moscone Center') (West), San Francisco, USA, having spent the past hour or so finalising my talk for tomorrow.","","publish;TRUE","/2011/12/05/agu-fall-meeting-2011-day-0/","science","AGU|AGU 2011|Conferences|Science",FALSE,0
"archive/generated-markdown/2011-12-06-agu-fall-meeting-day-1-or-the-day-i-gave-my-talk.md","2011/12/06/agu-fall-meeting-day-1-or-the-day-i-gave-my-talk/index.qmd","/2011/12/06/agu-fall-meeting-day-1-or-the-day-i-gave-my-talk/","AGU Fall Meeting Day 1 (or the day I gave my talk)","","","Yesterday (it is now morning on day 2) was the first proper day of the Fall Meeting. My fellow meeting attendees certainly need their coffee; between my hotel and the Moscone I passed about five Starbucks stores, each of which sported a long queue of poster tube-bearing or lanyard-wearing individuals desperate for a cup of joe.","","publish;TRUE","/2011/12/06/agu-fall-meeting-day-1-or-the-day-i-gave-my-talk/","science","AGU|AGU 2011|Biomarker|Barbon|Conferences|Isotope|Mercury|Methylmercury|Modelling|Nitrate|Nitrogen|Science",FALSE,0
"archive/generated-markdown/2011-12-08-agu-fall-meeting-day-2.md","2011/12/08/agu-fall-meeting-day-2/index.qmd","/2011/12/08/agu-fall-meeting-day-2/","AGU Fall Meeting Day 2","","","[![English: Colored flags flying high outside the Moscone Center](https://upload.wikimedia.org/wikipedia/commons/thumb/9/9b/Flags_Moscone_Center.jpg/300px-Flags_Moscone_Center.jpg 'English: Colored flags flying high outside the Moscone Center')](https://commons.wikipedia.org/wiki/File:Flags_Moscone_Center.jpg)

 One of the problems of trying to blog a conference when you are going to session talks and socialising in the evening is keeping up to date with your blogging. Day 2 was a little slower in regard to talks and I was able to pick to some degree.","","publish;TRUE","/2011/12/08/agu-fall-meeting-day-2/","R","AGU|AGU 2011|Climate Change|Communicating science|Conferences|Nitrate|Nitrogen|Science",FALSE,0
"archive/generated-markdown/2011-12-09-agu-fall-meeting-day-3-wednesday.md","2011/12/09/agu-fall-meeting-day-3-wednesday/index.qmd","/2011/12/09/agu-fall-meeting-day-3-wednesday/","AGU Fall Meeting Day 3 (Wednesday)","","","Day 3 was an easier day for me with fewer talks that I wanted to see so I was able to spend a bit of time thinking about work matters and cogitating a bit more on the talks I was listening to. I also spent a large chunk of time in one of the poster sessions, which was very enlightening; it was like an informal talk session with authors presenting their posters ad hoc and groups discussions taking place about the results. (As I write this I have just come from my own poster session and had the same experience; far better than many poster sessions at other meetings.)","","publish;TRUE","/2011/12/09/agu-fall-meeting-day-3-wednesday/","science","AGU 2011|Alaska|American Geophysical Union|Conferences|Moscone Center|Science",FALSE,0
"archive/generated-markdown/2012-01-12-new-version-of-analogue-0-8-0.md","2012/01/12/new-version-of-analogue-0-8-0/index.qmd","/2012/01/12/new-version-of-analogue-0-8-0/","New version of analogue (0.8-0)","","","Yesterday I pushed an update of my [analogue](http://analogue.r-forge.r-project.org/ 'analogue website') package to [CRAN](http://cran.at.r-project.org/web/packages/analogue/index.html 'analogue page on CRAN'). The new version is 0.8-0 and contains some new functions, several bug fixes and a major change arising from additions to R 2.14.x requiring all packages to have a namespace. analogue now has its own namespace rather than relying on the one R would automagically generate if it weren&apos;t provided. 0.8-0 is a moderate update to analogue containing some new functionality, some of which is there for testing/experimentation (like the fancy principal components regression).","","publish;TRUE","/2012/01/12/new-version-of-analogue-0-8-0/","R","analogue|R",FALSE,0
"archive/generated-markdown/2012-01-18-im-on-peer-review-strike.md","2012/01/18/im-on-peer-review-strike/index.qmd","/2012/01/18/im-on-peer-review-strike/","I'm on peer review strike!","","","[![English: Open Access logo and text](https://upload.wikimedia.org/wikipedia/commons/thumb/f/f3/Open_Access_PLoS.svg/300px-Open_Access_PLoS.svg.png 'Open Access logo and text (Source: www.plos.org)')](https://commons.wikipedia.org/wiki/File:Open_Access_PLoS.svg)

 There has been a lot of discussion on the interweb about the support for legislation in the US by the major academic publishers that would place stifling restrictions on access to Government-funded science outputs published in their journals. In effect, the [Research Works Act](https://en.wikipedia.org/wiki/Research_Works_Act 'Research Works Act at Wikipedia') would hand these same wealthy publishers a licence to print money on the back of tax payer-funded research and the tax payer-funded efforts of the scientists required to peer review the manuscripts.","","publish;TRUE","/2012/01/18/im-on-peer-review-strike/","science","Journals|Open Access|OpenAccess|Peer review|Politics|Publishing|Research Works Act|RWA|Science",FALSE,0
"archive/generated-markdown/2012-03-04-the-cost-of-subscribing-to-academic-journals.md","2012/03/04/the-cost-of-subscribing-to-academic-journals/index.qmd","/2012/03/04/the-cost-of-subscribing-to-academic-journals/","The cost of subscribing to academic journals","","","Much has been written about the Research Works Act [you could do a lot worse than [read](http://svpow.com/2012/01/09/do-your-bit-to-oppose-the-evil-research-works-act/) Saurodpod Mike on the [subject](http://svpow.com/2012/01/09/do-your-bit-to-oppose-the-evil-research-works-act/)], academic publishing and the relationship between the scientists who do most of the work and the publishers who then assert somewhat draconian rights over those works. A [boycott](http://thecostofknowledge.com/ 'Boycott Elsevier Website') of the biggest publisher of them all, [Elsevier](http://www.elsevier.com 'Elsevier'), started to gain a fair degree of traction with almost 8000 scientists having pledge to limit some or all of their interactions with Elsevier and its journals.","","publish;TRUE","/2012/03/04/the-cost-of-subscribing-to-academic-journals/","science","Academic publishing|Elsevier|Open Access|OpenAccess|Publishing|Research Works Act|Science",FALSE,0
"archive/generated-markdown/2012-03-06-i-signed-the-elsevier-boycott-pledge.md","2012/03/06/i-signed-the-elsevier-boycott-pledge/index.qmd","/2012/03/06/i-signed-the-elsevier-boycott-pledge/","I signed the Elsevier boycott pledge","","","","","publish;TRUE","/2012/03/06/i-signed-the-elsevier-boycott-pledge/","science","Boycott|Elsevier|Open Access|Peer review|Publishing|Science",FALSE,0
"archive/generated-markdown/2012-03-28-elsevier-on-open-access-part-1.md","2012/03/28/elsevier-on-open-access-part-1/index.qmd","/2012/03/28/elsevier-on-open-access-part-1/","Elsevier on Open Access part 1","","","In the past few days I've come across two advertorials (articles or editorials if I'm being generous) from Elsevier in the context of newsletters sent to editors and authors. Here I consider the [one sent to editors](http://editorsupdate.elsevier.com/2012/03/copyright-in-an-open-access-world/) that Ross Mounce ([@rossmounce](https://twitter.com/#!/rmounce)) tweeted about earlier today.","","publish;TRUE","/2012/03/28/elsevier-on-open-access-part-1/","science","Budapest Open Access Initiative|CC BY|Copyright|Creative Commons licenses|Elsevier|Open Access|Open access journal|Publishing|Science",FALSE,0
"archive/generated-markdown/2012-03-31-elsevier-on-open-access-part-2.md","2012/03/31/elsevier-on-open-access-part-2/index.qmd","/2012/03/31/elsevier-on-open-access-part-2/","Elsevier on Open Access part 2","","","","","publish;TRUE","/2012/03/31/elsevier-on-open-access-part-2/","science","Budapest Open Access Initiative|CC BY|Creative Commons licenses|Elsevier|Open Access|OpenAccess|Science",FALSE,0
"archive/generated-markdown/2012-04-01-saving-and-loading-r-objects.md","2012/04/01/saving-and-loading-r-objects/index.qmd","/2012/04/01/saving-and-loading-r-objects/","A better way of saving and loading objects in R","","","Hadley Wickham (@hadleywickham) this week mentioned on Twitter his preference for `saveRDS()` over the more familiar `save()`. Being a new function to me, I thought I'd take a look...","","publish;TRUE","/2012/04/01/saving-and-loading-r-objects/","R","R|Data import",FALSE,0
"archive/generated-markdown/2012-04-08-course-analysing-palaeolimnological-data-with-r.md","2012/04/08/course-analysing-palaeolimnological-data-with-r/index.qmd","/2012/04/08/course-analysing-palaeolimnological-data-with-r/","Course: Analysing Palaeolimnological Data with R","","","16th &mdash; 20th August 2012, University Marine Biological Station Millport, Isle of Cumbrae, Scotland.


[Steve Juggins](http://www.staff.ncl.ac.uk/staff/stephen.juggins/) and I will be running a 4-day residential R course to coincide with the [International Paleolimnology Symposium 2012](http://paleolim.org/ips2012/) this August. The course will be held at the [University Marine Biological Station](http://www.gla.ac.uk/centres/marinestation/) [Millport](http://millport.org/) on the [Isle of Cumbrae](http://maps.google.co.uk/maps?hl=en&ix=seb&ion=1&bav=on.2,or.r_gc.r_pw.r_cp.r_qf.,cf.osb&biw=1680&bih=962&q=isle+of+cumbrae&um=1&ie=UTF-8&hq=&hnear=0x4889bf59c61e9b6d:0x263706b6786736a1,Isle+of+Cumbrae&gl=uk&ei=71eBT8b-G8e_0QXx3_SGBw&sa=X&oi=geocode_result&ct=title&resnum=2&ved=0CC8Q8gEwAQ), within easy reach of Glasgow and the IPS2012 venue.","","publish;TRUE","/2012/04/08/course-analysing-palaeolimnological-data-with-r/","R","analogue|Palaeoecology|Palaeolimnology|R|Science|vegan",FALSE,0
"archive/generated-markdown/2012-04-10-thoughts-on-the-propose-rcuk-policy-on-open-access-to-research-outputs.md","2012/04/10/thoughts-on-the-propose-rcuk-policy-on-open-access-to-research-outputs/index.qmd","/2012/04/10/thoughts-on-the-propose-rcuk-policy-on-open-access-to-research-outputs/","Thoughts on the proposed RCUK policy on Open Access to research outputs","","","Today is the last day of a consultation by [Research Councils UK](http://www.rcuk.ac.uk/) (RCUK) on its draft policy on [Access to Research Outputs](http://www.openscholarship.org/upload/docs/application/pdf/2012-03/rcuk_proposed_policy_on_access_to_research_outputs.pdf) [PDF]. The proposals are a clear and strong statement that RCUK-funded research should be made available via open access (OA). It goes far beyond the current OA offerings from some [publishers](/2012/03/31/elsevier-on-open-access-part-2/ 'Elsevier on Open Access part 2') and represents a welcome statement of support for the OA movement. Where the policy is less strident is on open access to research data and related materials.


I copy my email to RCUK below.","","publish;TRUE","/2012/04/10/thoughts-on-the-propose-rcuk-policy-on-open-access-to-research-outputs/","science","Academic publishing|Budapest Open Access Initiative|Open access journal|OpenAccess|Research Councils UK|Science",FALSE,0
"archive/generated-markdown/2012-04-11-customising-vegans-ordination-plots.md","2012/04/11/customising-vegans-ordination-plots/index.qmd","/2012/04/11/customising-vegans-ordination-plots/","Customising vegan's ordination plots","","","As a developer on the [vegan](http://vegan.r-forge.r-project.org) package for R, one of the most FAQs is how to customise [ordination](http://en.wikipedia.org/wiki/Ordination_(statistics) ""Ordination"") diagrams, usually to colour the sample points according to an external grouping variable. Now, just because we get asked how to do this a lot is not really a reflection on the quality of the `plot()` methods available in vegan.


Ordination diagrams are difficult beasts to handle with plotting code without having an unwieldy number of arguments etc. There are potentially five sets of scores that need to be plotted so the number of arguments could quickly get out of hand if we allowed the user to pass all the relevant graphical parameters to the various sets of scores. We've provided a basic `plot()` method that is set up with useful defaults that works for all the ordination methods in vegan. This method is really there to allow the quick visualisation of the fitted ordination; I use vegan on almost a daily basis and none of my presentation or publication figures use the default plot method at all. However, we have provided all the tools needed to draw custom ordination plots within vegan. How you use them also provides a useful guide to building up base graphics plots from lower-level plotting functions. In this post I intend to show two examples of building up a simple [PCA](http://en.wikipedia.org/wiki/Principal_component_analysis ""Principal component analysis"") [biplot](http://en.wikipedia.org/wiki/Biplot ""Biplot"") from the basic building blocks available in vegan and R's base graphics.","","publish;TRUE","/2012/04/11/customising-vegans-ordination-plots/","R","Biplot|ordination|PCA|Principal component analysis|R|vegan",FALSE,0
"archive/generated-markdown/2012-04-23-quantitative-palaeolimnology-my-book-chapters-are-finally-out.md","2012/04/23/quantitative-palaeolimnology-my-book-chapters-are-finally-out/index.qmd","/2012/04/23/quantitative-palaeolimnology-my-book-chapters-are-finally-out/","Quantitative palaeolimnology: my book chapters are finally out!","","","Today I received confirmation that the delayed [fifth volume](http://www.springerlink.com/content/978-94-007-2744-1/) in the [Developments in Palaeoenvironmental Research](http://www.springerlink.com/content/1571-5299/) series has been published. The book is titled *Data Handling and Numerical methods*, though it covers more of the latter and, IMHO, is far more interesting than the dry title would suggest (who gets excited by *Data Handling*? Well, one or two people perhaps ;-)","","publish;TRUE","/2012/04/23/quantitative-palaeolimnology-my-book-chapters-are-finally-out/","R","analogue|Numerical analysis|Palaeoecology|Palaeolimnology|R|Science|Statistics|vegan",FALSE,0
"archive/generated-markdown/2012-07-17-sometimes-i-am-lost-for-words.md","2012/07/17/sometimes-i-am-lost-for-words/index.qmd","/2012/07/17/sometimes-i-am-lost-for-words/","Sometimes I am lost for words...","","","Following on from yesterday's momentous announcements from UK Government and RCUK on opening up access to research outputs funded by the British tax payer, [John Wiley & Sons](http://www.wiley.com/ 'John Wiley & Sons') Inc. have [announced](http://eu.wiley.com/WileyCDA/PressRelease/pressReleaseId-104139.html) the [Geoscience Data Journal](http://bit.ly/NBJvG7) in partnership with the [Royal Meteorological Society](http://en.wikipedia.org/wiki/Royal_Meteorological_Society 'Royal Meteorological Society'), the Met Office and [NERC](http://www.nerc.ac.uk 'Natural Environment Research Council').","","publish;TRUE","/2012/07/17/sometimes-i-am-lost-for-words/","science","CC BY|geoscience data|John Wiley &amp; Sons|Open Access|OpenAccess|RCUK|Research Council UK|Royal Meteorological Society|Science|UK Government|Wiley",FALSE,0
"archive/generated-markdown/2012-07-24-whats-wrong-with-loess-for-palaeo-data.md","2012/07/24/whats-wrong-with-loess-for-palaeo-data/index.qmd","/2012/07/24/whats-wrong-with-loess-for-palaeo-data/","What's wrong with LOESS for palaeo data?","","","[Locally weighted scatterplot smoothing](http://en.wikipedia.org/wiki/Local_regression) (LOWESS) or local regression (LOESS) is widely used to highlight ""signal"" in variables from stratigraphic sequences. It is a user-friendly way of fitting a local model that derives its form from the data themselves rather than having to be specified *a priori* by the user. There are generally two things that a user has to specify when using LOESS; **&lambda;**  the span or bandwidth of the local window and **&alpha;** the degree of polynomial used in the local regression. Both control the smoothness of the fitted model, with smaller spans and higher degree polynomials giving less-smooth (more-rough) models. Usually it is just the span value that is changed, for expedience.


What can I have possibly against this? What *is* wrong with using LOESS for palaeo data?","","publish;TRUE","/2012/07/24/whats-wrong-with-loess-for-palaeo-data/","R","Autocorrelation|Cross-validation|GCV|LOESS|Overfitting|Palaeoecology|Palaeolimnology|R|Science|Time series",FALSE,0
"archive/generated-markdown/2012-08-15-processing-sample-labels-using-regular-expressions-in-r.md","2012/08/15/processing-sample-labels-using-regular-expressions-in-r/index.qmd","/2012/08/15/processing-sample-labels-using-regular-expressions-in-r/","Processing sample labels using regular expressions in R","","","I am often found in possession of palaeo core data where the sample identifiers contain a core code or label plus the sample depth. Often these are things generated by colleagues who have used other software where for one reason or another they don't want to store the depth information as a separate numeric variable. I also generate such data sets, not because I want to but because the software often supplied with lab equipment (most recent example is the Thermo Flash EA/Delta V I've been running stable N and C isotope measurements on) that records data/measurements using a single character identifier variable.


The information in these labels is useful and I really don't want to type out all the depths again and it's not just because I am lazy; the more times you have to enter data the more opportunities for transcription errors to creep into your work and analysis.","","publish;TRUE","/2012/08/15/processing-sample-labels-using-regular-expressions-in-r/","R","data processing|Palaeoecology|Palaeolimnology|R|regular expression|sediment core",FALSE,0
"archive/generated-markdown/2013-01-04-a-new-version-of-analogue-for-a-new-year.md","2013/01/04/a-new-version-of-analogue-for-a-new-year/index.qmd","/2013/01/04/a-new-version-of-analogue-for-a-new-year/","A new version of analogue for a new year","","","Yesterday I rolled up a new version (0.10-0) of [analogue](http://cran.r-project.org/web/packages/analogue/index.html), my R package for analysing palaeoecological data. It is now available from CRAN. There were lots of incremental changes to `Stratiplot()` to improve the quality of the stratigraphic diagrams produced and fix several annoying bugs. Also the definition of the standard error of MAT reconstructions was fixed; it is essentially a weighted variance but the original version assumed the weights summed to 1, which is not the case for dissimilarities of the *k*-NN. Several new functions and additional functionality were added to the package.","","publish;TRUE","/2013/01/04/a-new-version-of-analogue-for-a-new-year/","R","analogue|Palaeoecology|Palaeolimnology|R|Statistics",FALSE,0
"archive/generated-markdown/2013-01-05-monotonic-deshrinking-in-weighted-averaging-models.md","2013/01/05/monotonic-deshrinking-in-weighted-averaging-models/index.qmd","/2013/01/05/monotonic-deshrinking-in-weighted-averaging-models/","Monotonic deshrinking in weighted averaging models","","","Weighted averaging regression and calibration is the most widely used method for developing a palaeolimnological transfer function. Such models are used to reconstruct properties of the past lake environment such as pH, total phosphorus, and water temperature with, it has to be said, varying degrees of success and usefulness.


In simple weighted averaging (WA) there is little to specify other than the predictors (the species or other proxy data) and the response (the thing you wish to build a model for and predict). The one user-specified option in a simple WA is the type of deshrinking to use.


Why deshrinking?","","publish;TRUE","/2013/01/05/monotonic-deshrinking-in-weighted-averaging-models/","R","analogue|deshrinking|Palaeoecology|Palaeolimnology|R|Statistics|transfer function|weighted averaging",FALSE,0
"archive/generated-markdown/2013-01-11-shading-regions-under-a-curve.md","2013/01/11/shading-regions-under-a-curve/index.qmd","/2013/01/11/shading-regions-under-a-curve/","Shading regions under a curve","","","Over on the [Clastic Detritus blog](http://wp.me/p6FnH-13u), Brian Romans posted a nice introduction to plotting in R. At the end of his post, Brian mentioned he would like to colour in areas under the data curve corresponding to particular ranges of grain sizes. The comment area on a blog isn't really amenable to giving a full answer to the problem posed so I gave a few pointers. Other commenters also suggested solutions.


The problem is how to shade or colour in areas under a curve. The more general problem is how to do this when you don't have any data that fall on the margins of the regions you wish to shade. Here is more solution to that more general problem.","","publish;TRUE","/2013/01/11/shading-regions-under-a-curve/","R","Area under a curve|Graphics|Plotting|Polygon|R",FALSE,0
"archive/generated-markdown/2013-01-12-decluttering-ordination-plots-in-vegan-part-1-ordilabel.md","2013/01/12/decluttering-ordination-plots-in-vegan-part-1-ordilabel/index.qmd","/2013/01/12/decluttering-ordination-plots-in-vegan-part-1-ordilabel/","Decluttering ordination plots in vegan part 1: ordilabel()","","","","","publish;TRUE","/2013/01/12/decluttering-ordination-plots-in-vegan-part-1-ordilabel/","R","Biplot|Graphics|Ordination|PCA|Plotting|vegan|R",FALSE,0
"archive/generated-markdown/2013-01-13-decluttering-ordination-plots-in-vegan-part-2-orditorp.md","2013/01/13/decluttering-ordination-plots-in-vegan-part-2-orditorp/index.qmd","/2013/01/13/decluttering-ordination-plots-in-vegan-part-2-orditorp/","Decluttering ordination plots in vegan part 2: orditorp()","","","","","publish;TRUE","/2013/01/13/decluttering-ordination-plots-in-vegan-part-2-orditorp/","R","Graphics|Ordination|PCA|R|vegan",FALSE,0
"archive/generated-markdown/2013-06-27-decluttering-ordination-plots-in-vegan-part-3-ordipointlabel.md","2013/06/27/decluttering-ordination-plots-in-vegan-part-3-ordipointlabel/index.qmd","/2013/06/27/decluttering-ordination-plots-in-vegan-part-3-ordipointlabel/","Decluttering ordination plots part 3: ordipointlabel()","","","","","publish;TRUE","/2013/06/27/decluttering-ordination-plots-in-vegan-part-3-ordipointlabel/","R","Graphics|Ordination|PCA|R|vegan|Simulated annealing|Optimization",FALSE,0
"archive/generated-markdown/2013-07-16-flickering-diatoms.md","2013/07/16/flickering-diatoms/index.qmd","/2013/07/16/flickering-diatoms/","Flickering diatoms?","","","","","publish;TRUE","/2013/07/16/flickering-diatoms/","science","Critical transitions|Early warning indicators|Time series|R",FALSE,0
"archive/generated-markdown/2013-08-27-open-data-and-ecology.md","2013/08/27/open-data-and-ecology/index.qmd","/2013/08/27/open-data-and-ecology/","Open data and Ecology","","","","","publish;TRUE","/2013/08/27/open-data-and-ecology/","science","Open data|Open science|Ecology",FALSE,0
"archive/generated-markdown/2013-09-09-preparing-figures-for-plos-one-with-r.md","2013/09/09/preparing-figures-for-plos-one-with-r/index.qmd","/2013/09/09/preparing-figures-for-plos-one-with-r/","Using Arial in R figures destined for PLOS ONE","","","","","publish;TRUE","/2013/09/09/preparing-figures-for-plos-one-with-r/","R","Plotting|R|Graphics|Publications|Journals",FALSE,0
"archive/generated-markdown/2013-10-23-time-series-plots-with-lattice-and-ggplot.md","2013/10/23/time-series-plots-with-lattice-and-ggplot/index.qmd","/2013/10/23/time-series-plots-with-lattice-and-ggplot/","Time series plots in R","with lattice & ggplot","","","","publish;TRUE","/2013/10/23/time-series-plots-with-lattice-and-ggplot/","R","Plotting|R|Graphics|Time series|lattice|ggplot2",FALSE,0
"archive/generated-markdown/2013-12-10-tri-council-oa-policy-consultation-response.md","2013/12/10/tri-council-oa-policy-consultation-response/index.qmd","/2013/12/10/tri-council-oa-policy-consultation-response/","Draft Tri-Agency Open Access policy","my response","","","","publish;TRUE","/2013/12/10/tri-council-oa-policy-consultation-response/","science","Open access|Open data|NSERC|CIHR|SSHRC",FALSE,0
"archive/generated-markdown/2013-12-14-analogue-0.12-0-released.md","2013/12/14/analogue-0.12-0-released/index.qmd","/2013/12/14/analogue-0.12-0-released/","New version of analogue on CRAN","version 0.12-0","","","","publish;TRUE","/2013/12/14/analogue-0.12-0-released/","R","analogue|R|package|principal curves|logistic regression|pcr|timetrack",FALSE,0
"archive/generated-markdown/2013-12-17-permute-0.8-0-released.md","2013/12/17/permute-0.8-0-released/index.qmd","/2013/12/17/permute-0.8-0-released/","New version of permute on CRAN","version 0.8-0","","","","publish;TRUE","/2013/12/17/permute-0.8-0-released/","R","permute|R|package|permutations|restricted permutation|cyclic shifts|toroidal shifts|time series|spatial grids|BACI designs|Split-plot designs",FALSE,0
"archive/generated-markdown/2013-12-28-pcurve-1.md","2013/12/28/pcurve-1/index.qmd","/2013/12/28/pcurve-1/","Summarising multivariate palaeoenvironmental data","part 1","","","","publish;TRUE","/2013/12/28/pcurve-1/","R","Palaeoecology|Ordination|Principal curves|R|analogue",FALSE,0
"archive/generated-markdown/2013-12-31-decluttering-ordination-in-vegan-part-4-orditkplot.md","2013/12/31/decluttering-ordination-in-vegan-part-4-orditkplot/index.qmd","/2013/12/31/decluttering-ordination-in-vegan-part-4-orditkplot/","Decluttering ordination plots part 4: orditkplot()","","","","","publish;TRUE","/2013/12/31/decluttering-ordination-in-vegan-part-4-orditkplot/","R","Graphics|Ordination|PCA|R|vegan|Interactive|Plots",FALSE,0
"archive/generated-markdown/2014-01-09-pcurve-part-2.md","2014/01/09/pcurve-part-2/index.qmd","/2014/01/09/pcurve-part-2/","Summarising multivariate palaeoenvironmental data","part 2","","","","publish;TRUE","/2014/01/09/pcurve-part-2/","R","Palaeoecology|Ordination|Principal curves|R|analogue",FALSE,0
"archive/generated-markdown/2014-03-25-file-synchronisation-with-unison.md","2014/03/25/file-synchronisation-with-unison/index.qmd","/2014/03/25/file-synchronisation-with-unison/","File synchronisation with Unison","","","","","publish;TRUE","/2014/03/25/file-synchronisation-with-unison/","Computing","Sync|Backup|Files",FALSE,0
"archive/generated-markdown/2014-05-09-modelling-seasonal-data-with-gam.md","2014/05/09/modelling-seasonal-data-with-gam/index.qmd","/2014/05/09/modelling-seasonal-data-with-gam/","Modelling seasonal data with GAMs","","","","","publish;TRUE","/2014/05/09/modelling-seasonal-data-with-gam/","R","GAM|Time series|modelling|Central England Temperature",TRUE,23
"archive/generated-markdown/2014-05-15-identifying-periods-of-change-with-gams.md","2014/05/15/identifying-periods-of-change-with-gams/index.qmd","/2014/05/15/identifying-periods-of-change-with-gams/","Identifying periods of change in time series with GAMs","","","","","publish;TRUE","/2014/05/15/identifying-periods-of-change-with-gams/","R","GAM|Time series|modelling|Central England Temperature",TRUE,11
"archive/generated-markdown/2014-06-16-simultaneous-confidence-intervals-for-derivatives.md","2014/06/16/simultaneous-confidence-intervals-for-derivatives/index.qmd","/2014/06/16/simultaneous-confidence-intervals-for-derivatives/","Confidence intervals for derivatives of splines in GAMs","","","","","publish;TRUE","/2014/06/16/simultaneous-confidence-intervals-for-derivatives/","R","GAM|Time series|Modelling|Central England Temperature|Confidence interval|Posterior simulation",TRUE,22
"archive/generated-markdown/2014-07-31-simulating-species-abundance-data-with-the-coenocliner-package.md","2014/07/31/simulating-species-abundance-data-with-the-coenocliner-package/index.qmd","/2014/07/31/simulating-species-abundance-data-with-the-coenocliner-package/","Simulating species abundance data with coenocliner","","","","","publish;TRUE","/2014/07/31/simulating-species-abundance-data-with-the-coenocliner-package/","R","coenocliner",TRUE,26
"archive/generated-markdown/2014-10-14-analogue-0.14-0-now-available-on-CRAN.md","2014/10/14/analogue-0.14-0-now-available-on-CRAN/index.qmd","/2014/10/14/analogue-0.14-0-now-available-on-CRAN/","analogue 0.14-0 released","","","","","publish;TRUE","/2014/10/14/analogue-0.14-0-now-available-on-CRAN/","R","Palaeoecology|Principal curves|R|analogue",FALSE,0
"archive/generated-markdown/2014-11-03-randomized-complete-block-designs-and-vegan.md","2014/11/03/randomized-complete-block-designs-and-vegan/index.qmd","/2014/11/03/randomized-complete-block-designs-and-vegan/","Analysing a randomised complete block design with vegan","","","","","publish;TRUE","/2014/11/03/randomized-complete-block-designs-and-vegan/","R","vegan|permute|permutations",TRUE,15
"archive/generated-markdown/2015-01-14-harvesting-canadian-climate-data.md","2015/01/14/harvesting-canadian-climate-data/index.qmd","/2015/01/14/harvesting-canadian-climate-data/","Harvesting Canadian climate data","","","","","publish;TRUE","/2015/01/14/harvesting-canadian-climate-data/","R","API|data|climate|download|opendata",TRUE,10
"archive/generated-markdown/2015-03-31-at-the-frontiers-of-palaeoecology.md","2015/03/31/at-the-frontiers-of-palaeoecology/index.qmd","/2015/03/31/at-the-frontiers-of-palaeoecology/","At the frontiers of palaeoecology","","","","","publish;TRUE","/2015/03/31/at-the-frontiers-of-palaeoecology/","science","Palaeoecology|Presentations|R|Time series",FALSE,0
"archive/generated-markdown/2015-04-16-drawing-rarefaction-curves-with-custom-colours.md","2015/04/16/drawing-rarefaction-curves-with-custom-colours/index.qmd","/2015/04/16/drawing-rarefaction-curves-with-custom-colours/","Drawing rarefaction curves with custom colours","","","","","publish;TRUE","/2015/04/16/drawing-rarefaction-curves-with-custom-colours/","R","vegan|rarefaction|plots",TRUE,8
"archive/generated-markdown/2015-06-02-something-rotten.md","2015/06/02/something-rotten/index.qmd","/2015/06/02/something-rotten/","Something is rotten in the state of Denmark","","","","","publish;TRUE","/2015/06/02/something-rotten/","R","R|CRAN|packages",FALSE,0
"archive/generated-markdown/2015-06-03-my-aversion-to-pipes.md","2015/06/03/my-aversion-to-pipes/index.qmd","/2015/06/03/my-aversion-to-pipes/","My aversion to pipes","","","","","publish;TRUE","/2015/06/03/my-aversion-to-pipes/","R","R|pipes|packages|debugging",TRUE,5
"archive/generated-markdown/2015-07-10-tri-agency-open-access-policy.md","2015/07/10/tri-agency-open-access-policy/index.qmd","/2015/07/10/tri-agency-open-access-policy/","The new Tri-agency open access policy","","","","","publish;TRUE","/2015/07/10/tri-agency-open-access-policy/","science","Open Access|NSERC|Open Science",FALSE,0
"archive/generated-markdown/2015-08-11-notes-from-esa-council-on-wiley-deal.md","2015/08/11/notes-from-esa-council-on-wiley-deal/index.qmd","/2015/08/11/notes-from-esa-council-on-wiley-deal/","ESA's publishing deal with Wiley","Notes from ESA Council","","","","publish;TRUE","/2015/08/11/notes-from-esa-council-on-wiley-deal/","science","Open Access|ESA|Publishing|Journals",FALSE,0
"archive/generated-markdown/2015-10-08-user-friendly-scaling.md","2015/10/08/user-friendly-scaling/index.qmd","/2015/10/08/user-friendly-scaling/","User-friendly scaling","","","","","publish;TRUE","/2015/10/08/user-friendly-scaling/","R","vegan|biplot|scaling",TRUE,2
"archive/generated-markdown/2015-11-21-climate-change-and-spline-interactions.md","2015/11/21/climate-change-and-spline-interactions/index.qmd","/2015/11/21/climate-change-and-spline-interactions/","Climate change and spline interactions","","","","","publish;TRUE","/2015/11/21/climate-change-and-spline-interactions/","R","GAM|Time series|Central England Temperature|Splines|Interactions",TRUE,21
"archive/generated-markdown/2015-11-23-are-some-seasons-warming-more-than-others.md","2015/11/23/are-some-seasons-warming-more-than-others/index.qmd","/2015/11/23/are-some-seasons-warming-more-than-others/","Are some seasons warming more than others?","","","","","publish;TRUE","/2015/11/23/are-some-seasons-warming-more-than-others/","R","GAM|Time series|Central England Temperature|Splines|Interactions",TRUE,9
"archive/generated-markdown/2015-12-14-agu-2015-poster.md","2015/12/14/agu-2015-poster/index.qmd","/2015/12/14/agu-2015-poster/","AGU Fall Meeting 2015","","","","","publish;TRUE","/2015/12/14/agu-2015-poster/","science","Palaeoecology|Thresholds|R|Time series|Additive models|Wavelets",FALSE,0
"archive/generated-markdown/2015-12-16-agu-transfer-functions.md","2015/12/16/agu-transfer-functions/index.qmd","/2015/12/16/agu-transfer-functions/","Better use of transfer functions?","","","","","publish;TRUE","/2015/12/16/agu-transfer-functions/","science","Palaeoecology|Transfer functions|Chironomids|Palaeolimnology|Arctic|Lakes|AGU",FALSE,0
"archive/generated-markdown/2016-03-25-additive-modeling-global-temperature-series-revisited.md","2016/03/25/additive-modeling-global-temperature-series-revisited/index.qmd","/2016/03/25/additive-modeling-global-temperature-series-revisited/","Additive modelling global temperature time series: revisited","","","","","publish;TRUE","/2016/03/25/additive-modeling-global-temperature-series-revisited/","R","GAM|Time series|HadCRUT|Splines|Global temperatures|Climate change",TRUE,16
"archive/generated-markdown/2016-03-27-soap-film-smoothers.md","2016/03/27/soap-film-smoothers/index.qmd","/2016/03/27/soap-film-smoothers/","Soap-film smoothers & lake bathymetries","","","","","publish;TRUE","/2016/03/27/soap-film-smoothers/","R","GAM|Soap-film|Smoother|Spline|Spatial|Finite area Smoothing|Lake|Bathymetry",TRUE,14
"archive/generated-markdown/2016-04-10-loess-revisited.md","2016/04/10/loess-revisited/index.qmd","/2016/04/10/loess-revisited/","LOESS revisited","","","","","publish;TRUE","/2016/04/10/loess-revisited/","Science","GAM|Smoother|Autocorrelation|Cross-validation|GCV|LOESS|Overfitting|Palaeoecology|Palaeolimnology|Science|Time series",FALSE,0
"archive/generated-markdown/2016-04-17-new-plot-default-for-betadisper.md","2016/04/17/new-plot-default-for-betadisper/index.qmd","/2016/04/17/new-plot-default-for-betadisper/","A new default plot for multivariate dispersions","tribulations of base graphics programming","","","","publish;TRUE","/2016/04/17/new-plot-default-for-betadisper/","R","Base graphics|Plot|R|Package|Vegan",TRUE,5
"archive/generated-markdown/2016-05-24-harvesting-more-canadian-climate-data.md","2016/05/24/harvesting-more-canadian-climate-data/index.qmd","/2016/05/24/harvesting-more-canadian-climate-data/","Harvesting more Canadian climate data","","","","","publish;TRUE","/2016/05/24/harvesting-more-canadian-climate-data/","R","API|data|climate|download|opendata",TRUE,10
"archive/generated-markdown/2016-06-07-rootograms.md","2016/06/07/rootograms/index.qmd","/2016/06/07/rootograms/","Rootograms","a new way to assess count models","","","","publish;TRUE","/2016/06/07/rootograms/","R","counts|Poisson|negative binomial|rootogram|model evaluation|GLM|Coenoecliner|models|ggplot",TRUE,15
"archive/generated-markdown/2016-07-02-isec-2016-talk.md","2016/07/02/isec-2016-talk/index.qmd","/2016/07/02/isec-2016-talk/","ISEC 2016 Talk","","","","","publish;TRUE","/2016/07/02/isec-2016-talk/","science","Palaeoecology|Thresholds|R|Time series|Additive models|Location|Scale|GAMLSS",FALSE,0
"archive/generated-markdown/2016-12-15-simultaneous-interval-revisited.md","2016/12/15/simultaneous-interval-revisited/index.qmd","/2016/12/15/simultaneous-interval-revisited/","Simultaneous intervals for smooths revisited","correcting a silly mistake","","","","publish;TRUE","/2016/12/15/simultaneous-interval-revisited/","R","GAM|models|simultaneous intervals|splines|smoothers|Bayesian|confidence intervals",TRUE,20
"archive/generated-markdown/2016-12-16-pangaea-r-open-palaeo-data.md","2016/12/16/pangaea-r-open-palaeo-data/index.qmd","/2016/12/16/pangaea-r-open-palaeo-data/","Pangaea and R and open palaeo data","(also GAM all the things!)","","","","publish;TRUE","/2016/12/16/pangaea-r-open-palaeo-data/","R","Pangaea|pangaear|R packages|GAM|models|splines|smoothers|open data|palaeo",TRUE,12
"archive/generated-markdown/2017-01-25-modelling-extremes-with-gams.md","2017/01/25/modelling-extremes-with-gams/index.qmd","/2017/01/25/modelling-extremes-with-gams/","Modelling extremes using generalized additive models","","","","","publish;TRUE","/2017/01/25/modelling-extremes-with-gams/","R","mgcv|GAM|models|splines|smoothers|extremes|GEV|extreme values|statistical modelling",TRUE,13
"archive/generated-markdown/2017-03-21-simultaneous-intervals-for-derivatives-of-smooths.md","2017/03/21/simultaneous-intervals-for-derivatives-of-smooths/index.qmd","/2017/03/21/simultaneous-intervals-for-derivatives-of-smooths/","Simultaneous intervals for derivatives of smooths revisited","","","","","publish;TRUE","/2017/03/21/simultaneous-intervals-for-derivatives-of-smooths/","R","GAM|models|smooths|derivatives|simultaneous interval|confidence interval|statistical modelling",TRUE,18
"archive/generated-markdown/2017-05-01-glm-prediction-intervals-i.md","2017/05/01/glm-prediction-intervals-i/index.qmd","/2017/05/01/glm-prediction-intervals-i/","Prediction intervals for GLMs part I","Binomial GLMs","2017-05-01 14:45:00","","","publish;TRUE","/2017/05/01/glm-prediction-intervals-i/","R","GLM|models|prediction interval|statistical modelling|logistic regression",TRUE,13
"archive/generated-markdown/2017-05-01-glm-prediction-intervals-ii.md","2017/05/01/glm-prediction-intervals-ii/index.qmd","/2017/05/01/glm-prediction-intervals-ii/","Prediction intervals for GLMs part II","Poisson GLMs","2017-05-01 15:00:00","","","publish;TRUE","/2017/05/01/glm-prediction-intervals-ii/","R","GLM|models|prediction interval|statistical modelling|Poisson|offset|counts|GAM",TRUE,14
"archive/generated-markdown/2017-05-04-compare-mgcv-with-glmmTMB.md","2017/05/04/compare-mgcv-with-glmmTMB/index.qmd","/2017/05/04/compare-mgcv-with-glmmTMB/","Fitting count and zero-inflated count GLMMs with mgcv","","2017-05-04 13:45","","","publish;TRUE","/2017/05/04/compare-mgcv-with-glmmTMB/","R","GLMM|mgcv|glmmTMB|GAM|splines|random effects|counts|negative binomial|zero inflation",TRUE,20
"archive/generated-markdown/2017-10-10-difference-splines-i.md","2017/10/11/difference-splines-i/index.qmd","/2017/10/11/difference-splines-i/","Comparing smooths in factor-smooth interactions I","by-variable smooths","2017-10-10 22:00:00","","","publish;TRUE","/2017/10/11/difference-splines-i/","R","GAM|smooths|factor-smooth interactions|mgcv|difference smooths",TRUE,16
"archive/generated-markdown/2017-10-19-first-steps-with-mrf-smooths.md","2017/10/19/first-steps-with-mrf-smooths/index.qmd","/2017/10/19/first-steps-with-mrf-smooths/","First steps with MRF smooths","","2017-10-19 18:00:00","","","publish;TRUE","/2017/10/19/first-steps-with-mrf-smooths/","R","MRF|Gaussian Markov random field|mgcv|GAM|smooth|R",TRUE,21
"archive/generated-markdown/2017-12-14-difference-splines-ii.md","2017/12/14/difference-splines-ii/index.qmd","/2017/12/14/difference-splines-ii/","Comparing smooths in factor-smooth interactions II","ordered factors","2017-12-14 16:00:00","","","publish;TRUE","/2017/12/14/difference-splines-ii/","R","GAM|smooths|factor-smooth interactions|mgcv|difference smooths",TRUE,9
"archive/generated-markdown/2018-04-21-fitting-gams-with-brms.md","2018/04/21/fitting-gams-with-brms/index.qmd","/2018/04/21/fitting-gams-with-brms/","Fitting GAMs with brms: part 1","a simple GAM","2018-04-21 10:00:00","","","publish;TRUE","/2018/04/21/fitting-gams-with-brms/","R","GAM|brms|bayesian",TRUE,14
"archive/generated-markdown/2018-10-15-summer-hiatus.md","2018/10/15/summer-hiatus/index.qmd","/2018/10/15/summer-hiatus/","Summer hiatus","","2018-10-15 13:00:00","<!--more-->","","publish;TRUE","/2018/10/15/summer-hiatus/","science","work",FALSE,0
"archive/generated-markdown/2018-10-15-wiik-jgr-co2-paper.md","2018/10/15/wiik-jgr-co2-paper/index.qmd","/2018/10/15/wiik-jgr-co2-paper/","Controls on subannual variation in pCO<sub>2</sub> in productive hardwater lakes","","2018-10-15 17:00:00","","","publish;TRUE","/2018/10/15/wiik-jgr-co2-paper/","science","papers|pCO2|CO2|GAM|lakes|climate|hardwater|timeseries|DIC|pH",FALSE,0
"archive/generated-markdown/2018-10-23-introducing-gratia.md","2018/10/23/introducing-gratia/index.qmd","/2018/10/23/introducing-gratia/","Introducing gratia","","2018-10-23 12:00:00","<!--more-->","","publish;TRUE","/2018/10/23/introducing-gratia/","R","gratia|R|GAM|GLM|package|ggplot2|tidyverse|smooths",TRUE,12
"archive/generated-markdown/2018-12-10-confidence-intervals-for-glms.md","2018/12/10/confidence-intervals-for-glms/index.qmd","/2018/12/10/confidence-intervals-for-glms/","Confidence intervals for GLMs","","2018-12-10 14:00:00","","","publish;TRUE","/2018/12/10/confidence-intervals-for-glms/","R","confidence interval|GLM|GAM|uncertainty|model|R",TRUE,13
"archive/generated-markdown/2018-12-20-what-is-wrong-with-software-paper-preprints-at-eartharxiv.md","2018/12/20/what-is-wrong-with-software-paper-preprints-at-eartharxiv/index.qmd","/2018/12/20/what-is-wrong-with-software-paper-preprints-at-eartharxiv/","What's wrong with software paper preprints on EarthArXiv?","","","","","publish;TRUE","/2018/12/20/what-is-wrong-with-software-paper-preprints-at-eartharxiv/","science","Preprints|Software|Open Science|Open Source|Science|Rants",FALSE,0
"archive/generated-markdown/2019-01-22-using-tibbles-and-example-checking.md","2019/01/22/using-tibbles-and-example-checking/index.qmd","/2019/01/22/using-tibbles-and-example-checking/","Tibbles, checking examples, & character encodings","","2019-01-22 13:00:00","","","publish;TRUE","/2019/01/22/using-tibbles-and-example-checking/","R","tibble|check|testing|package|developer",TRUE,7
"archive/generated-markdown/2019-06-18-radian-console-for-r.md","2019/06/18/radian-console-for-r/index.qmd","/2019/06/18/radian-console-for-r/","radian: a modern console for R","","","","","publish;TRUE","/2019/06/18/radian-console-for-r/","R","R|Software|Editor|Code|Shell|radian",FALSE,0
"archive/generated-markdown/2019-10-25-pivoting-tidily.md","2019/10/25/pivoting-tidily/index.qmd","/2019/10/25/pivoting-tidily/","Pivoting tidily","","2019-10-25","","","publish;TRUE","/2019/10/25/pivoting-tidily/","R","data|data processing|data wrangling|pivot tables|import|tidyr|tidyverse|pivoting",TRUE,9
"archive/generated-markdown/2020-02-26-what-three-years-evaluating-discovery-grants-taught-me.md","2020/02/26/what-three-years-evaluating-discovery-grants-taught-me/index.qmd","/2020/02/26/what-three-years-evaluating-discovery-grants-taught-me/","What evaluating Discovery Grants for the last three years has taught me","","2020-02-26","","","publish;TRUE","/2020/02/26/what-three-years-evaluating-discovery-grants-taught-me/","science","NSERC|Discovery Grant|Grants|Ecology|HQP|Canada",FALSE,0
"archive/generated-markdown/2020-04-30-rendering-your-readme-with-github-actions.md","2020/04/30/rendering-your-readme-with-github-actions/index.qmd","/2020/04/30/rendering-your-readme-with-github-actions/","Rendering your README with GitHub Actions","","2020-04-30 20:30:00","","","publish;TRUE","/2020/04/30/rendering-your-readme-with-github-actions/","R","GitHub|GitHub Actions|Continuous Integration|R package|workflow",FALSE,0
"archive/generated-markdown/2020-05-31-new-gratia-release.md","2020/05/31/new-gratia-release/index.qmd","/2020/05/31/new-gratia-release/","gratia 0.4.1 released","","2020-05-31 13:00:00","","","publish;TRUE","/2020/05/31/new-gratia-release/","R","GAM|gratia|R|package",TRUE,7
"archive/generated-markdown/2020-06-03-extrapolating-with-gams.md","2020/06/03/extrapolating-with-gams/index.qmd","/2020/06/03/extrapolating-with-gams/","Extrapolating with B splines and GAMs","","2020-06-03 19:00:00","","","publish;TRUE","/2020/06/03/extrapolating-with-gams/","R","GAM|splines|B splines|mgcv|extrapolation|penalty",TRUE,31
"archive/generated-markdown/2021-01-30-two-new-versions-of-gratia-on-cran.md","2021/01/30/two-new-versions-of-gratia-on-cran/index.qmd","/2021/01/30/two-new-versions-of-gratia-on-cran/","Two new versions of gratia released","","2021-01-30 21:00:00","","","publish;TRUE","/2021/01/30/two-new-versions-of-gratia-on-cran/","R","gratia|GAMs|CRAN|releases",TRUE,10
"archive/generated-markdown/2021-01-31-getting-data-from-canada-covid-19-tracker-using-r.md","2021/01/31/getting-data-from-canada-covid-19-tracker-using-r/index.qmd","/2021/01/31/getting-data-from-canada-covid-19-tracker-using-r/","Getting data from the Canada Covid-19 Tracker using R","","2021-01-31 16:49:00","","","publish;TRUE","/2021/01/31/getting-data-from-canada-covid-19-tracker-using-r/","R","Covid-19|API",TRUE,10
"archive/generated-markdown/2021-02-02-random-effects-in-gams.md","2021/02/02/random-effects-in-gams/index.qmd","/2021/02/02/random-effects-in-gams/","Using random effects in GAMs with mgcv","","2021-02-02 16:50:00","","","publish;TRUE","/2021/02/02/random-effects-in-gams/","R","GAM|mgcv|random effects|smooths|penalty|variance components",TRUE,28
"archive/generated-markdown/2024-03-28-gratia-0-9-0.md","2024/03/28/gratia-0-9-0/index.qmd","/2024/03/28/gratia-0-9-0/","gratia 0.9.0","","2024-03-28 10:00:00","","","publish;TRUE","/2024/03/28/gratia-0-9-0/","R","gratia|GAM|Generalized additive models|R package|R",TRUE,7
