"SampleId","Na","Mg","Al","Si","P","S","Cl","K","Ca","Ti","V","Cr","Mn","Fe","Ni","Cu","Zn","FuelType"
"drax01",-2.800000000e+001,-1.573000000e+001,2.064000000e+001,7.400000000e+000,2.150000000e+000,4.643000000e+001,6.050000000e+000,7.110000000e+000,4.380000000e+000,4.820000000e+000,-3.540000000e+000,-5.150000000e+000,-3.420000000e+000,-7.300000000e-001,-2.610000000e+000,-3.400000000e-001,9.700000000e-001,1.000000000e+000
"drax02",-2.660000000e+000,4.420000000e+000,2.648000000e+001,1.486000000e+001,3.590000000e+000,4.388000000e+001,1.230000000e+000,-3.500000000e+000,-6.250000000e+000,2.020000000e+000,9.999999776e-003,4.300000000e-001,-5.200000000e-001,1.630000000e+000,4.600000000e-001,9.100000000e-001,-1.290000000e+000,1.000000000e+000
"drax03",-1.378000000e+001,-1.022000000e+001,2.305000000e+001,1.982000000e+001,6.420000000e+000,3.768000000e+001,-3.100000000e-001,6.340000000e+000,4.000000000e-001,1.360000000e+000,3.990000000e+000,-1.250000000e+000,8.800000000e-001,-1.320000000e+000,-1.350000000e+000,-1.420000000e+000,-3.800000000e-001,1.000000000e+000
"drax04",-3.970000000e+001,-2.587000000e+001,3.081000000e+001,9.350000000e+000,2.713000000e+001,1.018000000e+001,8.850000000e+000,7.480000000e+000,4.300000000e-001,7.300000000e-001,5.010000000e+000,-5.000000000e-002,-2.000000000e-001,-5.880000000e+000,-2.000000000e+000,-2.710000000e+000,-1.800000000e-001,1.000000000e+000
"drax05",-2.179000000e+001,-5.710000000e+000,5.860000000e+000,1.068000000e+001,7.710000000e+000,5.736000000e+001,-2.180000000e+000,1.850000000e+000,6.800000000e-001,6.900000000e-001,-2.660000000e+000,3.220000000e+000,4.230000000e+000,2.570000000e+000,4.030000000e+000,-7.500000000e-001,1.090000000e+000,1.000000000e+000
"drax06",-1.790000000e+001,-2.040000000e+000,2.079000000e+001,1.472000000e+001,8.570000000e+000,4.397000000e+001,3.380000000e+000,2.760000000e+000,1.670000000e+000,1.740000000e+000,1.130000000e+000,-3.500000000e+000,-2.720000000e+000,-4.480000000e+000,-1.820000000e+000,-1.540000000e+000,1.230000000e+000,1.000000000e+000
"drax07",-1.150000000e+001,-7.300000000e-001,2.120000000e+001,1.485000000e+001,5.070000000e+000,4.509000000e+001,-8.100000000e-001,6.500000000e+000,-2.800000000e+000,4.420000000e+000,2.830000000e+000,-1.830000000e+000,-2.300000000e+000,-2.000000000e+000,-2.700000000e+000,-7.000000000e-002,0.000000000e+000,1.000000000e+000
"drax08",-5.440000000e+000,-2.440000000e+000,1.619000000e+001,6.900000000e+000,7.300000000e+000,5.452000000e+001,3.510000000e+000,3.250000000e+000,-1.080000000e+000,-1.730000000e+000,-4.570000000e+000,5.030000000e+000,2.630000000e+000,-1.660000000e+000,6.200000000e-001,-8.800000000e-001,-3.100000000e-001,1.000000000e+000
"drax09",-1.625000000e+001,5.340000000e+000,3.547000000e+001,7.650000000e+000,1.780000000e+000,4.100000000e+001,-4.510000000e+000,3.940000000e+000,-2.230000000e+000,1.020000000e+000,4.300000000e-001,-6.100000000e-001,-1.620000000e+000,2.100000000e+000,-9.100000000e-001,6.600000000e-001,5.600000000e-001,1.000000000e+000
"drax10",-1.061000000e+001,-1.620000000e+000,3.856000000e+001,1.414000000e+001,-2.670000000e+000,2.581000000e+001,1.227000000e+001,6.820000000e+000,-2.400000000e+000,4.000000000e-001,1.800000000e-001,-2.270000000e+000,5.800000000e-001,1.190000000e+000,-1.890000000e+000,-2.610000000e+000,-6.100000000e-001,1.000000000e+000
"drax11",-1.285000000e+001,-5.650000000e+000,1.043000000e+001,7.510000000e+000,5.610000000e+000,6.015000000e+001,-1.710000000e+000,7.550000000e+000,1.020000000e+000,2.000000000e+000,-7.000000000e-002,1.590000000e+000,-1.800000000e+000,2.500000000e+000,1.340000000e+000,-1.880000000e+000,2.500000000e-001,1.000000000e+000
"drax12",-8.880000000e+000,3.890000000e+000,9.640000000e+000,1.535000000e+001,1.082000000e+001,4.299000000e+001,6.460000000e+000,6.880000000e+000,-2.000000000e-002,3.390000000e+000,5.400000000e-001,-2.830000000e+000,-1.360000000e+000,-1.200000000e-001,-2.140000000e+000,-7.900000000e-001,-1.360000000e+000,1.000000000e+000
"drax13",-3.797000000e+001,-2.202000000e+001,1.081000000e+001,1.142000000e+001,3.860000000e+000,5.631000000e+001,-6.800000000e+000,8.140000000e+000,-1.650000000e+000,-5.000000000e-001,2.000000000e-002,2.730000000e+000,-6.420000000e+000,-1.460000000e+000,-5.960000000e+000,4.730000000e+000,1.950000000e+000,1.000000000e+000
"drax14",-1.751000000e+001,-1.446000000e+001,1.415000000e+001,1.089000000e+001,1.564000000e+001,5.302000000e+001,-8.940000000e+000,-5.000000000e-002,-2.290000000e+000,-3.020000000e+000,3.220000000e+000,-7.400000000e-001,-4.070000000e+000,-2.260000000e+000,-4.550000000e+000,3.050000000e+000,-2.500000000e-001,1.000000000e+000
"drax15",-9.900000000e+000,-4.880000000e+000,1.813000000e+001,9.840000000e+000,9.310000000e+000,4.095000000e+001,-1.540000000e+000,7.090000000e+000,3.640000000e+000,-6.300000000e+000,-3.950000000e+000,7.170000000e+000,-1.210000000e+000,7.700000000e-001,1.550000000e+000,1.480000000e+000,-1.550000000e+000,1.000000000e+000
"drax16",-2.330000000e+000,-2.250000000e+000,1.577000000e+001,2.320000000e+001,-5.070000000e+000,2.972000000e+001,2.097000000e+001,9.250000000e+000,-6.800000000e-001,-9.400000000e-001,3.800000000e-001,6.800000000e-001,-2.830000000e+000,-1.870000000e+000,-3.400000000e-001,-9.300000000e-001,-1.700000000e+000,1.000000000e+000
"drax17",-1.593000000e+001,-2.500000000e+000,3.577000000e+001,2.223000000e+001,-1.612000000e+001,2.804000000e+001,-8.180000000e+000,1.870000000e+000,-3.080000000e+000,-1.000000000e-002,-7.940000000e+000,7.440000000e+000,1.100000000e-001,1.080000000e+000,3.410000000e+000,-1.500000000e-001,-3.260000000e+000,1.000000000e+000
"drax18",-7.610000000e+000,-6.170000000e+000,6.320000000e+000,5.650000000e+000,1.170000000e+000,3.570000000e+001,1.326000000e+001,1.742000000e+001,3.940000000e+000,1.402000000e+001,2.400000000e+000,-1.360000000e+000,-1.220000000e+000,-8.200000000e-001,9.000000000e-002,-1.000000000e-001,-3.700000000e-001,1.000000000e+000
"drax19",-2.098000000e+001,-1.593000000e+001,2.481000000e+001,3.038000000e+001,-6.210000000e+000,4.299000000e+001,-1.152000000e+001,-6.610000000e+000,-1.047000000e+001,-1.500000000e+000,-2.750000000e+000,-4.300000000e-001,-4.300000000e-001,0.000000000e+000,-2.250000000e+000,1.670000000e+000,1.100000000e-001,1.000000000e+000
"drax20",-1.657000000e+001,-1.043000000e+001,2.062000000e+001,1.402000000e+001,4.420000000e+000,5.258000000e+001,-5.880000000e+000,-2.720000000e+000,3.200000000e+000,-1.030000000e+000,-1.000000000e-001,8.100000000e-001,1.540000000e+000,-1.010000000e+000,9.800000000e-001,1.750000000e+000,5.000000000e-002,1.000000000e+000
"drax21",-2.459000000e+001,-2.000000000e+000,2.490000000e+001,4.110000000e+000,3.940000000e+000,1.560000000e+001,3.061000000e+001,6.510000000e+000,-6.900000000e-001,1.380000000e+000,3.510000000e+000,6.200000000e-001,4.610000000e+000,7.000000000e-002,8.800000000e-001,3.700000000e-001,2.810000000e+000,1.000000000e+000
"drax22",-1.559000000e+001,-8.630000000e+000,1.493000000e+001,7.840000000e+000,9.670000000e+000,5.104000000e+001,-4.940000000e+000,-2.980000000e+000,-1.000000000e-001,9.400000000e-001,9.500000000e-001,5.190000000e+000,3.230000000e+000,3.680000000e+000,1.590000000e+000,-9.000000000e-002,8.900000000e-001,1.000000000e+000
"drax23",-3.388000000e+001,-1.682000000e+001,1.692000000e+001,1.628000000e+001,1.745000000e+001,3.861000000e+001,-4.670000000e+000,-8.180000000e+000,-2.820000000e+000,-2.470000000e+000,9.300000000e-001,-2.410000000e+000,-2.000000000e-001,-1.550000000e+000,2.020000000e+000,4.000000000e+000,3.760000000e+000,1.000000000e+000
"drax24",-1.382000000e+001,-1.470000000e+000,2.317000000e+001,9.390000000e+000,1.143000000e+001,4.443000000e+001,4.380000000e+000,1.790000000e+000,2.630000000e+000,-4.300000000e+000,-9.800000000e-001,1.730000000e+000,-1.410000000e+000,-7.500000000e-001,-5.000000000e-001,-1.120000000e+000,1.020000000e+000,1.000000000e+000
"drax25",-1.619000000e+001,1.740000000e+000,2.671000000e+001,2.032000000e+001,-1.721000000e+001,1.912000000e+001,-1.820000000e+000,-1.556000000e+001,-1.525000000e+001,-5.710000000e+000,1.540000000e+000,2.320000000e+000,7.730000000e+000,6.320000000e+000,5.760000000e+000,5.010000000e+000,3.380000000e+000,1.000000000e+000
"drax26",-4.210000000e+000,-3.720000000e+000,1.862000000e+001,2.564000000e+001,5.980000000e+000,4.147000000e+001,-3.030000000e+000,1.250000000e+000,4.000000000e+000,2.300000000e-001,1.750000000e+000,-2.080000000e+000,-2.540000000e+000,1.020000000e+000,-1.080000000e+000,-2.330000000e+000,-1.620000000e+000,1.000000000e+000
"drax27",-2.112000000e+001,-2.090000000e+000,1.551000000e+001,1.022000000e+001,7.130000000e+000,5.695000000e+001,-5.590000000e+000,2.300000000e+000,2.740000000e+000,-9.000000000e-002,2.690000000e+000,-1.340000000e+000,-6.900000000e-001,-7.000000000e-001,-1.610000000e+000,4.100000000e-001,2.000000000e+000,1.000000000e+000
"drax28",-1.922000000e+001,-3.550000000e+000,1.531000000e+001,1.103000000e+001,5.070000000e+000,5.372000000e+001,-6.360000000e+000,-8.900000000e-001,-1.830000000e+000,1.164000000e+001,-7.600000000e-001,-2.850000000e+000,-1.510000000e+000,-2.630000000e+000,2.020000000e+000,8.100000000e-001,3.400000000e-001,1.000000000e+000
"drax29",-1.394000000e+001,-5.510000000e+000,2.222000000e+001,1.298000000e+001,5.010000000e+000,4.795000000e+001,4.190000000e+000,2.580000000e+000,1.970000000e+000,-7.200000000e-001,-4.440000000e+000,-1.110000000e+000,-2.800000000e-001,4.300000000e-001,8.000000000e-001,1.400000000e-001,1.650000000e+000,1.000000000e+000
"drax30",-5.210000000e+000,-4.630000000e+000,1.510000000e+001,2.550000000e+001,1.170000000e+000,2.589000000e+001,5.530000000e+000,1.290000000e+000,-1.420000000e+000,1.950000000e+000,2.000000000e-001,3.170000000e+000,-2.130000000e+000,2.013000000e+001,-8.100000000e-001,-2.000000000e-001,-1.000000000e-001,1.000000000e+000
"drax31",-1.239000000e+001,-7.320000000e+000,1.547000000e+001,1.909000000e+001,1.303000000e+001,4.443000000e+001,-3.740000000e+000,6.800000000e-001,-1.070000000e+000,2.000000000e-002,2.110000000e+000,-2.500000000e-001,1.830000000e+000,-6.100000000e-001,1.260000000e+000,1.500000000e+000,5.100000000e-001,1.000000000e+000
"drax32",-9.070000000e+000,-1.710000000e+000,2.772000000e+001,1.567000000e+001,2.000000000e+000,3.388000000e+001,4.300000000e+000,2.500000000e+000,3.610000000e+000,4.880000000e+000,5.280000000e+000,-3.590000000e+000,-2.040000000e+000,-3.600000000e+000,-1.640000000e+000,1.000000000e-001,-6.200000000e-001,1.000000000e+000
"drax33",-1.122000000e+001,-1.069000000e+001,2.739000000e+001,6.820000000e+000,4.050000000e+000,4.413000000e+001,-3.400000000e-001,6.150000000e+000,2.630000000e+000,-9.900000000e-001,-1.800000000e+000,1.390000000e+000,1.370000000e+000,3.190000000e+000,2.810000000e+000,-2.180000000e+000,-7.000000000e-001,1.000000000e+000
"drax34",-2.259000000e+001,-1.704000000e+001,2.229000000e+001,7.010000000e+000,5.590000000e+000,5.909000000e+001,-5.420000000e+000,-4.800000000e+000,-1.300000000e+000,2.660000000e+000,1.570000000e+000,7.700000000e-001,9.800000000e-001,-4.100000000e-001,-5.800000000e-001,-1.950000000e+000,-2.300000000e-001,1.000000000e+000
"drax35",-1.469000000e+001,-7.110000000e+000,6.650000000e+000,6.980000000e+000,3.510000000e+000,2.418000000e+001,4.684000000e+001,7.840000000e+000,-9.300000000e-001,1.280000000e+000,-2.000000000e-002,-3.420000000e+000,-1.910000000e+000,-2.780000000e+000,-1.010000000e+000,1.530000000e+000,1.120000000e+000,1.000000000e+000
"drax36",-4.213000000e+001,-4.470000000e+001,2.000000000e+000,-6.840000000e+000,2.880000000e+000,2.475000000e+001,4.938000000e+001,7.630000000e+000,-6.530000000e+000,5.670000000e+000,-4.420000000e+000,5.000000000e-001,2.320000000e+000,4.230000000e+000,5.800000000e-001,-4.550000000e+000,-1.460000000e+000,1.000000000e+000
"drax37",-2.070000000e+001,2.500000000e-001,2.986000000e+001,1.679000000e+001,1.102000000e+001,3.397000000e+001,-9.100000000e+000,8.000000000e-001,4.600000000e-001,-4.440000000e+000,-4.510000000e+000,1.120000000e+000,6.700000000e-001,1.870000000e+000,6.600000000e-001,6.900000000e-001,1.770000000e+000,1.000000000e+000
"drax38",-1.042000000e+001,-8.960000000e+000,1.328000000e+001,5.960000000e+000,5.460000000e+000,2.167000000e+001,3.954000000e+001,1.142000000e+001,-2.990000000e+000,-1.750000000e+000,-4.400000000e-001,-7.600000000e-001,5.600000000e-001,-7.000000000e-002,-2.700000000e-001,2.070000000e+000,-1.160000000e+000,1.000000000e+000
"drax39",-1.009000000e+001,-5.780000000e+000,1.851000000e+001,1.290000000e+001,5.280000000e+000,3.291000000e+001,9.640000000e+000,1.302000000e+001,2.440000000e+000,3.220000000e+000,-7.500000000e-001,6.800000000e-001,-1.670000000e+000,-2.670000000e+000,-2.580000000e+000,1.030000000e+000,3.100000000e-001,1.000000000e+000
"drax40",-1.210000000e+000,-8.550000000e+000,2.137000000e+001,1.219000000e+001,-8.070000000e+000,5.156000000e+001,8.170000000e+000,-8.100000000e-001,-8.140000000e+000,2.150000000e+000,4.510000000e+000,-1.590000000e+000,-2.140000000e+000,-8.500000000e-001,-8.500000000e-001,1.000000000e-002,-2.250000000e+000,1.000000000e+000
"drax41",-2.562000000e+001,-1.519000000e+001,2.570000000e+001,4.360000000e+000,1.118000000e+001,5.416000000e+001,-4.110000000e+000,-5.170000000e+000,-1.100000000e+001,1.000000000e-002,1.250000000e+000,1.160000000e+000,1.500000000e+000,-1.890000000e+000,2.300000000e-001,-2.800000000e-001,3.700000000e-001,1.000000000e+000
"drax42",-5.570000000e+000,-4.690000000e+000,1.821000000e+001,1.009000000e+001,-8.000000000e-001,6.411000000e+001,3.100000000e+000,-4.130000000e+000,9.400000000e-001,1.550000000e+000,1.970000000e+000,-2.260000000e+000,-7.200000000e-001,-3.630000000e+000,-2.540000000e+000,-4.000000000e-001,-1.960000000e+000,1.000000000e+000
"drax43",-1.428000000e+001,-2.990000000e+000,1.439000000e+001,2.100000000e+001,4.110000000e+000,4.606000000e+001,3.800000000e-001,-2.400000000e+000,-6.210000000e+000,-2.700000000e+000,-1.450000000e+000,4.900000000e+000,2.560000000e+000,1.040000000e+000,1.550000000e+000,1.980000000e+000,1.950000000e+000,1.000000000e+000
"drax44",-5.420000000e+000,8.170000000e+000,2.192000000e+001,1.956000000e+001,6.500000000e+000,3.847000000e+001,-1.700000000e+000,3.570000000e+000,1.040000000e+000,-1.970000000e+000,-2.850000000e+000,-2.000000000e+000,-1.250000000e+000,-1.650000000e+000,-1.800000000e-001,1.700000000e-001,5.700000000e-001,1.000000000e+000
"drax45",-1.052000000e+001,-8.700000000e-001,2.409000000e+001,2.021000000e+001,-9.730000000e+000,3.841000000e+001,7.530000000e+000,-6.800000000e-001,-7.590000000e+000,4.230000000e+000,2.070000000e+000,1.360000000e+000,-1.100000000e-001,1.250000000e+000,5.600000000e-001,2.500000000e-001,9.999999776e-003,1.000000000e+000
"drax46",-1.230000000e+001,-1.440000000e+000,2.926000000e+001,2.200000000e+001,5.780000000e+000,3.137000000e+001,9.000000000e-002,-1.330000000e+000,-2.950000000e+000,1.260000000e+000,4.010000000e+000,-5.440000000e+000,-2.770000000e+000,-1.450000000e+000,-3.180000000e+000,4.650000000e+000,1.530000000e+000,1.000000000e+000
"drax47",-1.640000000e+001,-7.900000000e+000,1.622000000e+001,1.268000000e+001,-6.530000000e+000,3.338000000e+001,6.880000000e+000,9.590000000e+000,-1.090000000e+000,3.690000000e+000,5.420000000e+000,1.830000000e+000,8.900000000e-001,2.990000000e+000,1.770000000e+000,2.790000000e+000,1.790000000e+000,1.000000000e+000
"drax48",-1.028000000e+001,2.300000000e-001,2.792000000e+001,1.956000000e+001,1.480000000e+000,3.822000000e+001,5.190000000e+000,3.790000000e+000,2.300000000e-001,2.390000000e+000,6.000000000e-001,-4.510000000e+000,-2.690000000e+000,-1.360000000e+000,-1.300000000e+000,-6.200000000e-001,3.400000000e-001,1.000000000e+000
"drax49",-8.180000000e+000,1.380000000e+000,2.343000000e+001,1.428000000e+001,6.900000000e-001,2.339000000e+001,1.143000000e+001,8.880000000e+000,8.000000000e-001,5.630000000e+000,6.130000000e+000,-8.600000000e-001,4.000000000e-001,2.070000000e+000,1.370000000e+000,-2.780000000e+000,-4.400000000e-001,1.000000000e+000
"drax50",-2.509000000e+001,-1.807000000e+001,1.955000000e+001,9.070000000e+000,5.250000000e+000,4.166000000e+001,1.250000000e+000,-5.300000000e+000,-5.800000000e-001,7.400000000e-001,-2.250000000e+000,4.110000000e+000,3.780000000e+000,8.820000000e+000,4.440000000e+000,8.000000000e-001,4.600000000e-001,1.000000000e+000
"pemb02",1.420000000e+000,-1.172000000e+001,-4.570000000e+000,-3.750000000e+000,-3.090000000e+000,7.443000000e+001,-8.430000000e+000,1.980000000e+000,-9.900000000e-001,1.170000000e+000,2.050000000e+000,-1.840000000e+000,1.100000000e-001,1.879000000e+001,-2.300000000e-001,-1.250000000e+000,-6.800000000e-001,2.000000000e+000
"pemb03",-7.380000000e+000,-8.460000000e+000,-3.020000000e+000,-4.300000000e+000,3.060000000e+000,7.101000000e+001,-6.690000000e+000,7.400000000e-001,7.000000000e-001,-2.500000000e-001,3.090000000e+000,-2.150000000e+000,-1.110000000e+000,2.136000000e+001,-1.200000000e-001,-2.000000000e-001,-7.000000000e-002,2.000000000e+000
"pemb04",-1.360000000e+001,-1.535000000e+001,1.340000000e+000,-9.280000000e+000,-3.130000000e+000,7.741000000e+001,-6.010000000e+000,7.000000000e-001,-2.240000000e+000,3.160000000e+000,6.110000000e+000,3.670000000e+000,2.070000000e+000,1.830000000e+000,2.690000000e+000,9.800000000e-001,-7.600000000e-001,2.000000000e+000
"pemb05",1.730000000e+000,3.400000000e-001,1.056000000e+001,1.138000000e+001,2.100000000e-001,6.605000000e+001,2.500000000e-001,7.630000000e+000,-8.300000000e-001,4.000000000e-001,-2.050000000e+000,-3.270000000e+000,-3.780000000e+000,1.400000000e+000,-1.420000000e+000,-1.590000000e+000,-1.570000000e+000,2.000000000e+000
"pemb06",4.210000000e+000,-7.230000000e+000,-4.360000000e+000,-8.700000000e-001,2.180000000e+000,7.600000000e+001,-4.760000000e+000,9.700000000e-001,-7.300000000e-001,5.800000000e-001,4.000000000e-001,-8.900000000e-001,-7.400000000e-001,1.564000000e+001,-1.400000000e-001,-2.000000000e-001,-2.300000000e-001,2.000000000e+000
"pemb07",-7.530000000e+000,-4.710000000e+000,-1.018000000e+001,1.690000000e+000,9.350000000e+000,6.363000000e+001,-6.610000000e+000,6.860000000e+000,8.430000000e+000,-2.710000000e+000,-1.320000000e+000,-2.700000000e-001,3.310000000e+000,4.940000000e+000,-1.120000000e+000,1.690000000e+000,7.000000000e-002,2.000000000e+000
"pemb08",-4.920000000e+000,-3.830000000e+000,-8.700000000e-001,-2.300000000e+000,-7.000000000e-001,7.562000000e+001,-8.810000000e+000,-2.700000000e-001,-5.500000000e-001,-2.000000000e-001,3.180000000e+000,-2.090000000e+000,-8.100000000e-001,2.087000000e+001,-6.200000000e-001,3.100000000e-001,-3.300000000e-001,2.000000000e+000
"pemb09",-9.900000000e+000,-5.860000000e+000,4.800000000e+000,-2.760000000e+000,9.770000000e+000,7.322000000e+001,-2.540000000e+000,5.280000000e+000,2.600000000e+000,1.700000000e+000,-1.110000000e+000,-1.090000000e+000,6.200000000e-001,-1.700000000e-001,2.500000000e-001,1.050000000e+000,6.800000000e-001,2.000000000e+000
"pemb10",-1.298000000e+001,-1.961000000e+001,-7.170000000e+000,-6.000000000e-001,6.190000000e+000,8.629000000e+001,-9.810000000e+000,-8.520000000e+000,-2.500000000e-001,-4.610000000e+000,-1.120000000e+000,1.400000000e+000,1.370000000e+000,2.520000000e+000,1.980000000e+000,2.000000000e-001,-2.800000000e-001,2.000000000e+000
"pemb11",-4.630000000e+000,-5.360000000e+000,-2.540000000e+000,-9.400000000e-001,2.240000000e+000,5.216000000e+001,-3.150000000e+000,7.500000000e-001,4.165000000e+001,9.100000000e-001,9.200000000e-001,5.600000000e-001,-2.300000000e-001,6.300000000e-001,-3.400000000e-001,1.500000000e-001,-2.100000000e-001,2.000000000e+000
"pemb12",3.000000000e-002,-8.520000000e+000,-6.880000000e+000,-6.360000000e+000,3.050000000e+000,7.969000000e+001,-7.340000000e+000,3.700000000e-001,6.300000000e-001,-7.000000000e-002,5.100000000e-001,-1.360000000e+000,-5.600000000e-001,1.372000000e+001,1.400000000e+000,3.400000000e-001,2.000000000e-001,2.000000000e+000
"pemb13",-1.339000000e+001,1.030000000e+000,2.020000000e+000,5.000000000e-001,3.280000000e+000,7.691000000e+001,2.500000000e-001,2.480000000e+000,-2.980000000e+000,2.570000000e+000,2.280000000e+000,1.080000000e+000,1.090000000e+000,1.170000000e+000,1.860000000e+000,1.360000000e+000,2.050000000e+000,2.000000000e+000
"pemb14",-4.400000000e+000,-8.190000000e+000,8.560000000e+000,1.360000000e+000,2.690000000e+000,7.919000000e+001,-3.400000000e+000,-9.300000000e-001,-3.810000000e+000,-2.730000000e+000,4.570000000e+000,2.020000000e+000,-5.400000000e-001,1.590000000e+000,-1.500000000e-001,-8.900000000e-001,-6.200000000e-001,2.000000000e+000
"pemb15",-2.187000000e+001,-2.221000000e+001,-4.980000000e+000,-1.250000000e+000,-2.510000000e+000,8.695000000e+001,-1.214000000e+001,1.820000000e+000,2.100000000e+000,3.010000000e+000,-1.440000000e+000,-1.700000000e-001,2.700000000e-001,-2.790000000e+000,1.230000000e+000,2.710000000e+000,1.870000000e+000,2.000000000e+000
"pemb16",-6.940000000e+000,-8.480000000e+000,-6.070000000e+000,-4.840000000e+000,4.300000000e-001,7.644000000e+001,-6.420000000e+000,-1.120000000e+000,-9.300000000e-001,2.800000000e-001,5.130000000e+000,-2.380000000e+000,-1.920000000e+000,1.737000000e+001,9.999999776e-003,5.000000000e-002,2.700000000e-001,2.000000000e+000
"pemb17",-3.410000000e+000,-1.100000000e-001,6.590000000e+000,1.240000000e+000,1.410000000e+000,8.134000000e+001,-1.450000000e+000,2.430000000e+000,-3.600000000e-001,-5.000000000e+000,1.740000000e+000,1.400000000e-001,9.800000000e-001,1.770000000e+000,2.320000000e+000,-2.050000000e+000,-1.160000000e+000,2.000000000e+000
"pemb18",-2.640000000e+000,-1.868000000e+001,-1.017000000e+001,-1.630000000e+001,8.900000000e-001,8.466000000e+001,-1.372000000e+001,-2.860000000e+000,4.000000000e-001,-7.130000000e+000,-4.780000000e+000,3.860000000e+000,4.230000000e+000,3.230000000e+000,2.710000000e+000,-3.090000000e+000,-2.710000000e+000,2.000000000e+000
"pemb19",-1.959000000e+001,-1.511000000e+001,-9.230000000e+000,-6.570000000e+000,3.180000000e+000,9.237000000e+001,-8.890000000e+000,1.790000000e+000,-1.360000000e+000,-7.500000000e-001,6.800000000e-001,-8.600000000e-001,-8.700000000e-001,7.400000000e-001,4.000000000e-001,-1.250000000e+000,8.000000000e-001,2.000000000e+000
"pemb20",-2.494000000e+001,-2.104000000e+001,-5.170000000e+000,-1.075000000e+001,2.220000000e+000,8.608000000e+001,-1.760000000e+001,-2.720000000e+000,-6.840000000e+000,-1.220000000e+000,1.660000000e+000,5.170000000e+000,1.200000000e+000,-1.200000000e-001,1.780000000e+000,1.780000000e+000,7.000000000e-002,2.000000000e+000
"pemb21",-9.060000000e+000,-5.820000000e+000,-1.500000000e-001,8.180000000e+000,5.300000000e+000,7.630000000e+001,-4.880000000e+000,1.390000000e+000,-2.050000000e+000,6.400000000e-001,2.250000000e+000,-1.400000000e-001,7.900000000e-001,3.190000000e+000,1.000000000e+000,5.100000000e-001,3.700000000e-001,2.000000000e+000
"pemb23",-1.207000000e+001,-5.030000000e+000,9.190000000e+000,8.890000000e+000,5.050000000e+000,5.733000000e+001,1.130000000e+000,5.400000000e+000,6.650000000e+000,-8.100000000e-001,7.600000000e-001,1.610000000e+000,-2.460000000e+000,9.700000000e-001,-9.500000000e-001,1.550000000e+000,1.370000000e+000,2.000000000e+000
"pemb24",-1.794000000e+001,-1.027000000e+001,-4.630000000e+000,8.930000000e+000,-1.870000000e+000,6.840000000e+001,-3.100000000e-001,-9.999999776e-003,-3.250000000e+000,1.420000000e+000,-5.110000000e+000,8.970000000e+000,1.890000000e+000,5.880000000e+000,3.720000000e+000,7.500000000e-001,-9.300000000e-001,2.000000000e+000
"pemb25",-2.765000000e+001,-7.940000000e+000,-3.280000000e+000,-5.070000000e+000,5.280000000e+000,7.850000000e+001,-1.035000000e+001,-3.520000000e+000,1.850000000e+000,-2.390000000e+000,5.150000000e+000,8.100000000e-001,1.330000000e+000,4.570000000e+000,3.700000000e-001,-3.700000000e-001,2.110000000e+000,2.000000000e+000
"pemb27",-3.880000000e+000,-7.230000000e+000,-9.500000000e-001,7.360000000e+000,6.550000000e+000,6.397000000e+001,-7.530000000e+000,3.700000000e+000,1.390000000e+000,-5.400000000e-001,-5.100000000e-001,-3.610000000e+000,-2.550000000e+000,1.661000000e+001,3.700000000e-001,-9.400000000e-001,-1.020000000e+000,2.000000000e+000
"pemb29",-1.390000000e+000,-3.210000000e+000,-2.970000000e+000,-2.330000000e+000,3.440000000e+000,7.451000000e+001,-1.870000000e+000,6.800000000e-001,-3.000000000e-002,-2.380000000e+000,8.000000000e-001,-2.060000000e+000,9.800000000e-001,1.957000000e+001,-1.800000000e-001,-3.300000000e-001,-6.200000000e-001,2.000000000e+000
"pemb31",2.270000000e+000,-2.540000000e+000,1.400000000e-001,3.570000000e+000,4.940000000e+000,6.565000000e+001,-3.450000000e+000,1.470000000e+000,5.000000000e-001,1.740000000e+000,2.500000000e+000,-2.430000000e+000,-7.000000000e-001,1.718000000e+001,-4.300000000e-001,-5.600000000e-001,-1.030000000e+000,2.000000000e+000
"pemb32",5.550000000e+000,-2.510000000e+000,-2.880000000e+000,1.420000000e+000,2.260000000e+000,7.684000000e+001,-4.150000000e+000,-1.160000000e+000,-7.700000000e-001,3.070000000e+000,-1.020000000e+000,4.380000000e+000,2.380000000e+000,4.070000000e+000,0.000000000e+000,-2.360000000e+000,-3.250000000e+000,2.000000000e+000
"pemb33",2.150000000e+000,-1.018000000e+001,-5.320000000e+000,-4.960000000e+000,2.270000000e+000,7.658000000e+001,-6.920000000e+000,1.100000000e+000,1.500000000e-001,-7.500000000e-001,-7.600000000e-001,-2.670000000e+000,-1.590000000e+000,1.660000000e+001,1.130000000e+000,-1.200000000e+000,-6.300000000e-001,2.000000000e+000
"pemb34",-9.100000000e+000,-5.630000000e+000,-2.360000000e+000,2.317000000e+001,4.250000000e+000,6.390000000e+001,-8.690000000e+000,1.420000000e+000,-5.730000000e+000,-1.500000000e-001,-9.000000000e-002,2.600000000e+000,3.000000000e-002,8.800000000e-001,8.300000000e-001,2.360000000e+000,5.000000000e-001,2.000000000e+000
"pemb35",-2.292000000e+001,-7.590000000e+000,-6.340000000e+000,1.138000000e+001,8.810000000e+000,6.275000000e+001,-8.320000000e+000,-4.230000000e+000,1.800000000e-001,4.960000000e+000,5.420000000e+000,-4.090000000e+000,-1.120000000e+000,-2.300000000e-001,-1.490000000e+000,4.670000000e+000,1.780000000e+000,2.000000000e+000
"pemb36",-8.640000000e+000,-1.380000000e+000,9.310000000e+000,9.020000000e+000,4.960000000e+000,5.886000000e+001,6.980000000e+000,-4.300000000e-001,3.600000000e-001,-6.200000000e-001,1.120000000e+000,3.940000000e+000,1.120000000e+000,2.770000000e+000,1.490000000e+000,-8.900000000e-001,-1.800000000e-001,2.000000000e+000
"pemb37",-2.519000000e+001,-1.206000000e+001,3.830000000e+000,4.700000000e-001,1.144000000e+001,6.279000000e+001,-1.223000000e+001,5.570000000e+000,1.070000000e+000,3.910000000e+000,2.150000000e+000,-2.210000000e+000,-2.500000000e-001,-3.410000000e+000,7.700000000e-001,5.300000000e+000,2.650000000e+000,2.000000000e+000
"pemb38",-8.390000000e+000,-8.560000000e+000,-2.360000000e+000,-3.660000000e+000,8.140000000e+000,8.762000000e+001,-1.385000000e+001,-1.700000000e-001,4.100000000e-001,-2.000000000e+000,7.500000000e-001,-1.100000000e+000,1.080000000e+000,7.500000000e-001,1.210000000e+000,-1.830000000e+000,-8.700000000e-001,2.000000000e+000
"pemb39",-2.200000000e+000,-7.940000000e+000,-4.920000000e+000,-6.730000000e+000,2.630000000e+000,7.794000000e+001,-8.610000000e+000,-1.090000000e+000,2.300000000e-001,6.000000000e-001,5.600000000e-001,-3.160000000e+000,-3.500000000e+000,1.551000000e+001,8.600000000e-001,8.700000000e-001,7.600000000e-001,2.000000000e+000
"pemb40",-1.422000000e+001,-5.650000000e+000,1.207000000e+001,1.510000000e+001,-9.400000000e-001,6.409000000e+001,-9.970000000e+000,-5.340000000e+000,-5.170000000e+000,5.460000000e+000,2.070000000e+000,-8.020000000e+000,-3.290000000e+000,-2.500000000e+000,-2.770000000e+000,1.140000000e+000,-2.100000000e-001,2.000000000e+000
"pemb41",-2.381000000e+001,-2.494000000e+001,7.590000000e+000,7.750000000e+000,1.425000000e+001,1.160000000e+001,-1.007000000e+001,1.298000000e+001,1.536000000e+001,-4.340000000e+000,7.000000000e+000,6.070000000e+000,-9.500000000e+000,3.010000000e+000,3.040000000e+000,9.300000000e+000,1.980000000e+000,2.000000000e+000
"pemb42",-1.506000000e+001,-1.382000000e+001,-1.860000000e+000,1.048000000e+001,-3.890000000e+000,8.511000000e+001,-9.050000000e+000,-2.790000000e+000,-4.050000000e+000,-1.700000000e+000,-2.700000000e-001,-6.900000000e-001,-2.030000000e+000,3.300000000e+000,1.080000000e+000,-1.460000000e+000,-8.900000000e-001,2.000000000e+000
"pemb43",1.380000000e+000,-1.620000000e+000,2.510000000e+000,1.260000000e+000,9.710000000e+000,6.518000000e+001,-2.660000000e+000,2.640000000e+000,4.600000000e-001,1.790000000e+000,1.050000000e+000,-1.480000000e+000,-1.130000000e+000,1.378000000e+001,-5.100000000e-001,1.700000000e-001,-9.000000000e-002,2.000000000e+000
"pemb44",-6.400000000e+000,-6.300000000e+000,-4.670000000e+000,-1.990000000e+000,-2.200000000e+000,7.838000000e+001,-5.460000000e+000,8.500000000e-001,-1.240000000e+000,1.500000000e-001,1.800000000e+000,-1.620000000e+000,-2.310000000e+000,1.853000000e+001,-9.999999776e-003,-4.100000000e-001,2.700000000e-001,2.000000000e+000
"pemb45",-1.884000000e+001,-4.590000000e+000,7.530000000e+000,-1.150000000e+000,4.840000000e+000,6.898000000e+001,-1.007000000e+001,3.900000000e+000,1.620000000e+000,7.980000000e+000,3.550000000e+000,1.500000000e-001,6.700000000e-001,-8.600000000e-001,7.500000000e-001,-1.140000000e+000,-2.300000000e-001,2.000000000e+000
"pemb46",-1.615000000e+001,-4.610000000e+000,9.180000000e+000,2.890000000e+000,9.500000000e-001,6.211000000e+001,6.050000000e+000,-5.570000000e+000,-4.150000000e+000,1.940000000e+000,5.480000000e+000,2.170000000e+000,-6.100000000e-001,4.880000000e+000,1.330000000e+000,7.600000000e-001,2.230000000e+000,2.000000000e+000
"pemb47",-9.880000000e+000,-6.250000000e+000,3.810000000e+000,-4.100000000e-001,3.790000000e+000,8.225000000e+001,-9.930000000e+000,-3.000000000e+000,-1.370000000e+000,-2.000000000e-001,3.480000000e+000,2.280000000e+000,-1.000000000e+000,-5.600000000e-001,2.100000000e+000,1.840000000e+000,4.100000000e-001,2.000000000e+000
"pemb48",-2.580000000e+000,-2.410000000e+000,-1.080000000e+000,8.690000000e+000,6.820000000e+000,7.687000000e+001,-5.250000000e+000,3.100000000e+000,4.300000000e-001,-2.320000000e+000,-2.900000000e+000,2.000000000e+000,-9.999999776e-003,6.800000000e-001,1.360000000e+000,-2.110000000e+000,-2.290000000e+000,2.000000000e+000
"pemb49",-1.920000000e+000,-1.038000000e+001,-1.240000000e+000,-2.400000000e+000,-2.420000000e+000,8.077000000e+001,-5.610000000e+000,-1.470000000e+000,-1.120000000e+000,1.410000000e+000,5.000000000e-002,-2.170000000e+000,-1.940000000e+000,1.638000000e+001,9.000000000e-002,6.300000000e-001,6.200000000e-001,2.000000000e+000
"pemb50",-6.300000000e+000,-4.820000000e+000,-6.800000000e-001,-2.530000000e+000,-5.800000000e+000,6.654000000e+001,-2.300000000e+000,-7.230000000e+000,-4.400000000e+000,-4.100000000e-001,2.230000000e+000,1.480000000e+000,1.870000000e+000,2.610000000e+001,4.700000000e-001,-4.700000000e-001,1.280000000e+000,2.000000000e+000
"pemb51",7.650000000e+000,-2.670000000e+000,-6.200000000e-001,3.820000000e+000,-6.300000000e-001,6.416000000e+001,-3.110000000e+000,6.650000000e+000,-4.480000000e+000,-3.750000000e+000,-1.860000000e+000,-2.030000000e+000,-1.130000000e+000,1.622000000e+001,1.160000000e+000,2.800000000e-001,-1.250000000e+000,2.000000000e+000
"pemb53",-2.676000000e+001,-6.400000000e+000,8.520000000e+000,-4.510000000e+000,6.210000000e+000,6.388000000e+001,-1.040000000e+001,-2.230000000e+000,-5.110000000e+000,6.300000000e+000,7.010000000e+000,-3.100000000e-001,-1.020000000e+000,-1.270000000e+000,-1.510000000e+000,3.940000000e+000,4.110000000e+000,2.000000000e+000
"pemb55",2.310000000e+000,-4.050000000e+000,-1.280000000e+000,-2.970000000e+000,1.120000000e+000,7.350000000e+001,-9.200000000e-001,-1.500000000e+000,-1.660000000e+000,-1.550000000e+000,-1.460000000e+000,8.300000000e-001,2.100000000e-001,1.881000000e+001,1.150000000e+000,1.440000000e+000,5.500000000e-001,2.000000000e+000
"pemb56",-4.590000000e+000,-1.827000000e+001,-2.520000000e+000,-4.360000000e+000,3.450000000e+000,8.820000000e+001,-1.692000000e+001,-3.550000000e+000,-3.800000000e+000,-3.630000000e+000,-1.410000000e+000,-2.840000000e+000,-2.000000000e-001,4.000000000e+000,4.320000000e+000,-1.730000000e+000,-3.220000000e+000,2.000000000e+000
"pemb57",-1.790000000e+000,-9.970000000e+000,-2.180000000e+000,-2.230000000e+000,1.410000000e+000,6.263000000e+001,-8.130000000e+000,4.000000000e-001,-4.600000000e-001,4.070000000e+000,3.540000000e+000,-4.460000000e+000,-4.280000000e+000,2.787000000e+001,-2.990000000e+000,-6.700000000e-001,2.000000000e-002,2.000000000e+000
